class,precision,recall,f1_score,support
Anthracnose,0.5,0.3333333333333333,0.4,12.0
Borer,0.8333333333333334,0.7142857142857143,0.7692307692307693,7.0
Canker,0.42857142857142855,0.5454545454545454,0.48,11.0
Mite,0.8666666666666667,0.7878787878787878,0.8253968253968254,33.0
Healthy,0.4666666666666667,0.7,0.56,10.0
