class,precision,recall,f1_score,support
Anthracnose,0.36363636363636365,0.3333333333333333,0.34782608695652173,12.0
Borer,0.8,0.5714285714285714,0.6666666666666666,7.0
Canker,0.4,0.36363636363636365,0.38095238095238093,11.0
Mite,0.78125,0.7575757575757576,0.7692307692307693,33.0
Healthy,0.4666666666666667,0.7,0.56,10.0
