{
  "accuracy": 0.7555555555555555,
  "precision": 0.728702552385001,
  "recall": 0.7555555555555555,
  "f1": 0.7324830846838016
}