filepath,class,infraclass,filename,set
C:\Users\giant\Projects\pomelo-disease-classification\images\enhanced\anthracnose\anthrac_black_lesion\IMG20250703082739.png,anthracnose,anthrac_black_lesion,IMG20250703082739.png,train
C:\Users\giant\Projects\pomelo-disease-classification\images\enhanced\anthracnose\anthrac_rusty_lesion\IMG20250703082816.png,anthracnose,anthrac_rusty_lesion,IMG20250703082816.png,train
C:\Users\giant\Projects\pomelo-disease-classification\images\enhanced\melanose\melanose_medium\IMG20250703082939.png,melanose,melanose_medium,IMG20250703082939.png,train
C:\Users\giant\Projects\pomelo-disease-classification\images\enhanced\anthracnose\anthrac_rusty_lesion\IMG20250703083030.png,anthracnose,anthrac_rusty_lesion,IMG20250703083030.png,train
C:\Users\giant\Projects\pomelo-disease-classification\images\enhanced\melanose\melanose_small\IMG20250703083042.png,melanose,melanose_small,IMG20250703083042.png,train
C:\Users\giant\Projects\pomelo-disease-classification\images\enhanced\anthracnose\anthrac_rusty_lesion\IMG20250703083049.png,anthracnose,anthrac_rusty_lesion,IMG20250703083049.png,train
C:\Users\giant\Projects\pomelo-disease-classification\images\enhanced\anthracnose\anthrac_rusty_lesion\IMG20250703083056.png,anthracnose,anthrac_rusty_lesion,IMG20250703083056.png,test
C:\Users\giant\Projects\pomelo-disease-classification\images\enhanced\anthracnose\anthrac_rusty_lesion\IMG20250703083121.png,anthracnose,anthrac_rusty_lesion,IMG20250703083121.png,val
C:\Users\giant\Projects\pomelo-disease-classification\images\enhanced\anthracnose\anthrac_rusty_lesion\IMG20250703083128.png,anthracnose,anthrac_rusty_lesion,IMG20250703083128.png,train
C:\Users\giant\Projects\pomelo-disease-classification\images\enhanced\melanose\melanose_small\IMG20250703083143.png,melanose,melanose_small,IMG20250703083143.png,train
C:\Users\giant\Projects\pomelo-disease-classification\images\enhanced\anthracnose\anthrac_rusty_lesion\IMG20250703083205.png,anthracnose,anthrac_rusty_lesion,IMG20250703083205.png,train
C:\Users\giant\Projects\pomelo-disease-classification\images\enhanced\anthracnose\anthrac_rusty_lesion\IMG20250703083220.png,anthracnose,anthrac_rusty_lesion,IMG20250703083220.png,test
C:\Users\giant\Projects\pomelo-disease-classification\images\enhanced\anthracnose\anthrac_black_lesion\IMG20250703083239.png,anthracnose,anthrac_black_lesion,IMG20250703083239.png,train
C:\Users\giant\Projects\pomelo-disease-classification\images\enhanced\anthracnose\anthrac_black_lesion\IMG20250703083249.png,anthracnose,anthrac_black_lesion,IMG20250703083249.png,train
C:\Users\giant\Projects\pomelo-disease-classification\images\enhanced\melanose\melanose_early\IMG20250703083314.png,melanose,melanose_early,IMG20250703083314.png,train
C:\Users\giant\Projects\pomelo-disease-classification\images\enhanced\anthracnose\anthrac_rusty_lesion\IMG20250703083330.png,anthracnose,anthrac_rusty_lesion,IMG20250703083330.png,train
C:\Users\giant\Projects\pomelo-disease-classification\images\enhanced\melanose\melanose_small\IMG20250703083336.png,melanose,melanose_small,IMG20250703083336.png,train
C:\Users\giant\Projects\pomelo-disease-classification\images\enhanced\anthracnose\anthrac_rusty_lesion\IMG20250703083520.png,anthracnose,anthrac_rusty_lesion,IMG20250703083520.png,train
C:\Users\giant\Projects\pomelo-disease-classification\images\enhanced\anthracnose\anthrac_rusty_lesion\IMG20250703083621.png,anthracnose,anthrac_rusty_lesion,IMG20250703083621.png,train
C:\Users\giant\Projects\pomelo-disease-classification\images\enhanced\borer\borer_vertical_scar\IMG20250703083634.png,borer,borer_vertical_scar,IMG20250703083634.png,train
C:\Users\giant\Projects\pomelo-disease-classification\images\enhanced\anthracnose\anthrac_rusty_lesion\IMG20250703083725.png,anthracnose,anthrac_rusty_lesion,IMG20250703083725.png,train
C:\Users\giant\Projects\pomelo-disease-classification\images\enhanced\anthracnose\anthrac_rusty_lesion\IMG20250703083729.png,anthracnose,anthrac_rusty_lesion,IMG20250703083729.png,train
C:\Users\giant\Projects\pomelo-disease-classification\images\enhanced\anthracnose\anthrac_rusty_lesion\IMG20250703083732.png,anthracnose,anthrac_rusty_lesion,IMG20250703083732.png,train
C:\Users\giant\Projects\pomelo-disease-classification\images\enhanced\anthracnose\anthrac_rusty_lesion\IMG20250703083803.png,anthracnose,anthrac_rusty_lesion,IMG20250703083803.png,train
C:\Users\giant\Projects\pomelo-disease-classification\images\enhanced\anthracnose\anthrac_rusty_lesion\IMG20250703083809.png,anthracnose,anthrac_rusty_lesion,IMG20250703083809.png,train
C:\Users\giant\Projects\pomelo-disease-classification\images\enhanced\anthracnose\anthrac_black_lesion\IMG20250703083842.png,anthracnose,anthrac_black_lesion,IMG20250703083842.png,train
C:\Users\giant\Projects\pomelo-disease-classification\images\enhanced\anthracnose\anthrac_black_lesion\IMG20250703083859.png,anthracnose,anthrac_black_lesion,IMG20250703083859.png,train
C:\Users\giant\Projects\pomelo-disease-classification\images\enhanced\anthracnose\anthrac_black_lesion\IMG20250703083910.png,anthracnose,anthrac_black_lesion,IMG20250703083910.png,val
C:\Users\giant\Projects\pomelo-disease-classification\images\enhanced\melanose\melanose_small\IMG20250703083921.png,melanose,melanose_small,IMG20250703083921.png,train
C:\Users\giant\Projects\pomelo-disease-classification\images\enhanced\anthracnose\anthrac_rusty_lesion\IMG20250703083933.png,anthracnose,anthrac_rusty_lesion,IMG20250703083933.png,train
C:\Users\giant\Projects\pomelo-disease-classification\images\enhanced\melanose\melanose_small\IMG20250703084009.png,melanose,melanose_small,IMG20250703084009.png,val
C:\Users\giant\Projects\pomelo-disease-classification\images\enhanced\anthracnose\anthrac_black_lesion\IMG20250703084105.png,anthracnose,anthrac_black_lesion,IMG20250703084105.png,train
C:\Users\giant\Projects\pomelo-disease-classification\images\enhanced\anthracnose\anthrac_rusty_lesion\IMG20250703084121.png,anthracnose,anthrac_rusty_lesion,IMG20250703084121.png,train
C:\Users\giant\Projects\pomelo-disease-classification\images\enhanced\anthracnose\anthrac_rusty_lesion\IMG20250703084128.png,anthracnose,anthrac_rusty_lesion,IMG20250703084128.png,train
C:\Users\giant\Projects\pomelo-disease-classification\images\enhanced\anthracnose\anthrac_rusty_lesion\IMG20250703084141.png,anthracnose,anthrac_rusty_lesion,IMG20250703084141.png,train
C:\Users\giant\Projects\pomelo-disease-classification\images\enhanced\blackspot\blackspot_medium\IMG20250703084150.png,blackspot,blackspot_medium,IMG20250703084150.png,train
C:\Users\giant\Projects\pomelo-disease-classification\images\enhanced\borer\borer_multiple_holes\IMG20250703084155.png,borer,borer_multiple_holes,IMG20250703084155.png,train
C:\Users\giant\Projects\pomelo-disease-classification\images\enhanced\mites\mites_scrapes\IMG20250703084201.png,mites,mites_scrapes,IMG20250703084201.png,train
C:\Users\giant\Projects\pomelo-disease-classification\images\enhanced\anthracnose\anthrac_rusty_lesion\IMG20250703084210.png,anthracnose,anthrac_rusty_lesion,IMG20250703084210.png,train
C:\Users\giant\Projects\pomelo-disease-classification\images\enhanced\anthracnose\anthrac_rusty_lesion\IMG20250703084223.png,anthracnose,anthrac_rusty_lesion,IMG20250703084223.png,train
C:\Users\giant\Projects\pomelo-disease-classification\images\enhanced\melanose\melanose_small\IMG20250703084226.png,melanose,melanose_small,IMG20250703084226.png,test
C:\Users\giant\Projects\pomelo-disease-classification\images\enhanced\anthracnose\anthrac_black_lesion\IMG20250703084242.png,anthracnose,anthrac_black_lesion,IMG20250703084242.png,test
C:\Users\giant\Projects\pomelo-disease-classification\images\enhanced\anthracnose\anthrac_yellowing_skin\IMG20250703084432.png,anthracnose,anthrac_yellowing_skin,IMG20250703084432.png,train
C:\Users\giant\Projects\pomelo-disease-classification\images\enhanced\borer\borer_multiple_holes\IMG20250703084443.png,borer,borer_multiple_holes,IMG20250703084443.png,train
C:\Users\giant\Projects\pomelo-disease-classification\images\enhanced\anthracnose\anthrac_yellowing_skin\IMG20250703084456.png,anthracnose,anthrac_yellowing_skin,IMG20250703084456.png,train
C:\Users\giant\Projects\pomelo-disease-classification\images\enhanced\anthracnose\anthrac_yellowing_skin\IMG20250703084507.png,anthracnose,anthrac_yellowing_skin,IMG20250703084507.png,train
C:\Users\giant\Projects\pomelo-disease-classification\images\enhanced\anthracnose\anthrac_yellowing_skin\IMG20250703084530.png,anthracnose,anthrac_yellowing_skin,IMG20250703084530.png,train
C:\Users\giant\Projects\pomelo-disease-classification\images\enhanced\borer\borer_vertical_scar\IMG20250703084546.png,borer,borer_vertical_scar,IMG20250703084546.png,train
C:\Users\giant\Projects\pomelo-disease-classification\images\enhanced\borer\borer_vertical_scar\IMG20250703084600.png,borer,borer_vertical_scar,IMG20250703084600.png,val
C:\Users\giant\Projects\pomelo-disease-classification\images\enhanced\anthracnose\anthrac_yellowing_skin\IMG20250703084612.png,anthracnose,anthrac_yellowing_skin,IMG20250703084612.png,train
C:\Users\giant\Projects\pomelo-disease-classification\images\enhanced\anthracnose\anthrac_yellowing_skin\IMG20250703084621.png,anthracnose,anthrac_yellowing_skin,IMG20250703084621.png,train
C:\Users\giant\Projects\pomelo-disease-classification\images\enhanced\anthracnose\anthrac_yellowing_skin\IMG20250703084625.png,anthracnose,anthrac_yellowing_skin,IMG20250703084625.png,test
C:\Users\giant\Projects\pomelo-disease-classification\images\enhanced\anthracnose\anthrac_rusty_lesion\IMG20250703084649.png,anthracnose,anthrac_rusty_lesion,IMG20250703084649.png,val
C:\Users\giant\Projects\pomelo-disease-classification\images\enhanced\melanose\melanose_medium\IMG20250703084659.png,melanose,melanose_medium,IMG20250703084659.png,val
C:\Users\giant\Projects\pomelo-disease-classification\images\enhanced\anthracnose\anthrac_rusty_lesion\IMG20250703084739.png,anthracnose,anthrac_rusty_lesion,IMG20250703084739.png,val
C:\Users\giant\Projects\pomelo-disease-classification\images\enhanced\anthracnose\anthrac_rusty_lesion\IMG20250703084748.png,anthracnose,anthrac_rusty_lesion,IMG20250703084748.png,train
C:\Users\giant\Projects\pomelo-disease-classification\images\enhanced\anthracnose\anthrac_rusty_lesion\IMG20250703084756.png,anthracnose,anthrac_rusty_lesion,IMG20250703084756.png,train
C:\Users\giant\Projects\pomelo-disease-classification\images\enhanced\anthracnose\anthrac_rusty_lesion\IMG20250703084804.png,anthracnose,anthrac_rusty_lesion,IMG20250703084804.png,train
C:\Users\giant\Projects\pomelo-disease-classification\images\enhanced\anthracnose\anthrac_rusty_lesion\IMG20250703084811.png,anthracnose,anthrac_rusty_lesion,IMG20250703084811.png,val
C:\Users\giant\Projects\pomelo-disease-classification\images\enhanced\anthracnose\anthrac_rusty_lesion\IMG20250703084817.png,anthracnose,anthrac_rusty_lesion,IMG20250703084817.png,train
C:\Users\giant\Projects\pomelo-disease-classification\images\enhanced\anthracnose\anthrac_rusty_lesion\IMG20250703084829.png,anthracnose,anthrac_rusty_lesion,IMG20250703084829.png,train
C:\Users\giant\Projects\pomelo-disease-classification\images\enhanced\anthracnose\anthrac_rusty_lesion\IMG20250703084848.png,anthracnose,anthrac_rusty_lesion,IMG20250703084848.png,train
C:\Users\giant\Projects\pomelo-disease-classification\images\enhanced\anthracnose\anthrac_rusty_lesion\IMG20250703084857.png,anthracnose,anthrac_rusty_lesion,IMG20250703084857.png,train
C:\Users\giant\Projects\pomelo-disease-classification\images\enhanced\melanose\melanose_small\IMG20250703085020.png,melanose,melanose_small,IMG20250703085020.png,train
C:\Users\giant\Projects\pomelo-disease-classification\images\enhanced\anthracnose\anthrac_rusty_lesion\IMG20250703085050.png,anthracnose,anthrac_rusty_lesion,IMG20250703085050.png,val
C:\Users\giant\Projects\pomelo-disease-classification\images\enhanced\anthracnose\anthrac_rusty_lesion\IMG20250703085055.png,anthracnose,anthrac_rusty_lesion,IMG20250703085055.png,train
C:\Users\giant\Projects\pomelo-disease-classification\images\enhanced\anthracnose\anthrac_rusty_lesion\IMG20250703085104.png,anthracnose,anthrac_rusty_lesion,IMG20250703085104.png,test
C:\Users\giant\Projects\pomelo-disease-classification\images\enhanced\anthracnose\anthrac_black_lesion\IMG20250703085110.png,anthracnose,anthrac_black_lesion,IMG20250703085110.png,val
C:\Users\giant\Projects\pomelo-disease-classification\images\enhanced\anthracnose\anthrac_black_lesion\IMG20250703085125.png,anthracnose,anthrac_black_lesion,IMG20250703085125.png,train
C:\Users\giant\Projects\pomelo-disease-classification\images\enhanced\borer\borer_large_hole\IMG20250703085130.png,borer,borer_large_hole,IMG20250703085130.png,train
C:\Users\giant\Projects\pomelo-disease-classification\images\enhanced\mites\mites_front_patch\IMG20250703085232.png,mites,mites_front_patch,IMG20250703085232.png,train
C:\Users\giant\Projects\pomelo-disease-classification\images\enhanced\mites\mites_front_patch\IMG20250703085534.png,mites,mites_front_patch,IMG20250703085534.png,train
C:\Users\giant\Projects\pomelo-disease-classification\images\enhanced\mites\mites_front_patch\IMG20250703085550.png,mites,mites_front_patch,IMG20250703085550.png,train
C:\Users\giant\Projects\pomelo-disease-classification\images\enhanced\anthracnose\anthrac_rusty_lesion\IMG20250703085555.png,anthracnose,anthrac_rusty_lesion,IMG20250703085555.png,test
C:\Users\giant\Projects\pomelo-disease-classification\images\enhanced\borer\borer_large_hole\IMG20250703085604.png,borer,borer_large_hole,IMG20250703085604.png,val
C:\Users\giant\Projects\pomelo-disease-classification\images\enhanced\borer\borer_multiple_holes\IMG20250703085609.png,borer,borer_multiple_holes,IMG20250703085609.png,train
C:\Users\giant\Projects\pomelo-disease-classification\images\enhanced\borer\borer_large_hole\IMG20250703085615.png,borer,borer_large_hole,IMG20250703085615.png,train
C:\Users\giant\Projects\pomelo-disease-classification\images\enhanced\borer\borer_vertical_scar\IMG20250703085620.png,borer,borer_vertical_scar,IMG20250703085620.png,train
C:\Users\giant\Projects\pomelo-disease-classification\images\enhanced\anthracnose\anthrac_yellowing_skin\IMG20250703085629.png,anthracnose,anthrac_yellowing_skin,IMG20250703085629.png,val
C:\Users\giant\Projects\pomelo-disease-classification\images\enhanced\borer\borer_multiple_holes\IMG20250703085633.png,borer,borer_multiple_holes,IMG20250703085633.png,train
C:\Users\giant\Projects\pomelo-disease-classification\images\enhanced\anthracnose\anthrac_rusty_lesion\IMG20250703085642.png,anthracnose,anthrac_rusty_lesion,IMG20250703085642.png,train
C:\Users\giant\Projects\pomelo-disease-classification\images\enhanced\mites\mites_covered_surface\IMG20250703085654.png,mites,mites_covered_surface,IMG20250703085654.png,train
C:\Users\giant\Projects\pomelo-disease-classification\images\enhanced\mites\mites_covered_surface\IMG20250703085657.png,mites,mites_covered_surface,IMG20250703085657.png,train
C:\Users\giant\Projects\pomelo-disease-classification\images\enhanced\mites\mites_covered_surface\IMG20250703085701.png,mites,mites_covered_surface,IMG20250703085701.png,train
C:\Users\giant\Projects\pomelo-disease-classification\images\enhanced\anthracnose\anthrac_rusty_lesion\IMG20250703085716.png,anthracnose,anthrac_rusty_lesion,IMG20250703085716.png,train
C:\Users\giant\Projects\pomelo-disease-classification\images\enhanced\mites\mites_scrapes\IMG20250703085726.png,mites,mites_scrapes,IMG20250703085726.png,train
C:\Users\giant\Projects\pomelo-disease-classification\images\enhanced\melanose\melanose_medium\IMG20250703085730.png,melanose,melanose_medium,IMG20250703085730.png,train
C:\Users\giant\Projects\pomelo-disease-classification\images\enhanced\mites\mites_covered_surface\IMG20250703085741.png,mites,mites_covered_surface,IMG20250703085741.png,train
C:\Users\giant\Projects\pomelo-disease-classification\images\enhanced\mites\mites_covered_surface\IMG20250703085744.png,mites,mites_covered_surface,IMG20250703085744.png,val
C:\Users\giant\Projects\pomelo-disease-classification\images\enhanced\borer\borer_large_hole\IMG20250703085753.png,borer,borer_large_hole,IMG20250703085753.png,train
C:\Users\giant\Projects\pomelo-disease-classification\images\enhanced\borer\borer_vertical_scar\IMG20250703085759.png,borer,borer_vertical_scar,IMG20250703085759.png,train
C:\Users\giant\Projects\pomelo-disease-classification\images\enhanced\mites\mites_covered_surface\IMG20250703085813.png,mites,mites_covered_surface,IMG20250703085813.png,train
C:\Users\giant\Projects\pomelo-disease-classification\images\enhanced\mites\mites_covered_surface\IMG20250703085817.png,mites,mites_covered_surface,IMG20250703085817.png,train
C:\Users\giant\Projects\pomelo-disease-classification\images\enhanced\anthracnose\anthrac_rusty_lesion\IMG20250703085830.png,anthracnose,anthrac_rusty_lesion,IMG20250703085830.png,val
C:\Users\giant\Projects\pomelo-disease-classification\images\enhanced\mites\mites_covered_surface\IMG20250703085835.png,mites,mites_covered_surface,IMG20250703085835.png,train
C:\Users\giant\Projects\pomelo-disease-classification\images\enhanced\borer\borer_vertical_scar\IMG20250703085850.png,borer,borer_vertical_scar,IMG20250703085850.png,train
C:\Users\giant\Projects\pomelo-disease-classification\images\enhanced\mites\mites_scrapes\IMG20250703085908.png,mites,mites_scrapes,IMG20250703085908.png,train
C:\Users\giant\Projects\pomelo-disease-classification\images\enhanced\mites\mites_covered_surface\IMG20250703085912.png,mites,mites_covered_surface,IMG20250703085912.png,test
C:\Users\giant\Projects\pomelo-disease-classification\images\enhanced\borer\borer_large_hole\IMG20250703085932.png,borer,borer_large_hole,IMG20250703085932.png,train
C:\Users\giant\Projects\pomelo-disease-classification\images\enhanced\mites\mites_front_patch\IMG20250703085938.png,mites,mites_front_patch,IMG20250703085938.png,train
C:\Users\giant\Projects\pomelo-disease-classification\images\enhanced\mites\mites_covered_surface\IMG20250703085943.png,mites,mites_covered_surface,IMG20250703085943.png,train
C:\Users\giant\Projects\pomelo-disease-classification\images\enhanced\mites\mites_covered_surface\IMG20250703085948.png,mites,mites_covered_surface,IMG20250703085948.png,test
C:\Users\giant\Projects\pomelo-disease-classification\images\enhanced\mites\mites_covered_surface\IMG20250703090030.png,mites,mites_covered_surface,IMG20250703090030.png,test
C:\Users\giant\Projects\pomelo-disease-classification\images\enhanced\melanose\melanose_small\IMG20250703090036.png,melanose,melanose_small,IMG20250703090036.png,test
C:\Users\giant\Projects\pomelo-disease-classification\images\enhanced\anthracnose\anthrac_rusty_lesion\IMG20250703090040.png,anthracnose,anthrac_rusty_lesion,IMG20250703090040.png,train
C:\Users\giant\Projects\pomelo-disease-classification\images\enhanced\mites\mites_covered_surface\IMG20250703090047.png,mites,mites_covered_surface,IMG20250703090047.png,val
C:\Users\giant\Projects\pomelo-disease-classification\images\enhanced\mites\mites_covered_surface\IMG20250703090122.png,mites,mites_covered_surface,IMG20250703090122.png,val
C:\Users\giant\Projects\pomelo-disease-classification\images\enhanced\mites\mites_covered_surface\IMG20250703090207.png,mites,mites_covered_surface,IMG20250703090207.png,train
C:\Users\giant\Projects\pomelo-disease-classification\images\enhanced\anthracnose\anthrac_rusty_lesion\IMG20250703090224.png,anthracnose,anthrac_rusty_lesion,IMG20250703090224.png,train
C:\Users\giant\Projects\pomelo-disease-classification\images\enhanced\anthracnose\anthrac_rusty_lesion\IMG20250703090228.png,anthracnose,anthrac_rusty_lesion,IMG20250703090228.png,train
C:\Users\giant\Projects\pomelo-disease-classification\images\enhanced\mites\mites_covered_surface\IMG20250703090234.png,mites,mites_covered_surface,IMG20250703090234.png,train
C:\Users\giant\Projects\pomelo-disease-classification\images\enhanced\mites\mites_covered_surface\IMG20250703090239.png,mites,mites_covered_surface,IMG20250703090239.png,train
C:\Users\giant\Projects\pomelo-disease-classification\images\enhanced\mites\mites_covered_surface\IMG20250703090244.png,mites,mites_covered_surface,IMG20250703090244.png,train
C:\Users\giant\Projects\pomelo-disease-classification\images\enhanced\mites\mites_covered_surface\IMG20250703090307.png,mites,mites_covered_surface,IMG20250703090307.png,train
C:\Users\giant\Projects\pomelo-disease-classification\images\enhanced\anthracnose\anthrac_rusty_lesion\IMG20250703090310.png,anthracnose,anthrac_rusty_lesion,IMG20250703090310.png,train
C:\Users\giant\Projects\pomelo-disease-classification\images\enhanced\anthracnose\anthrac_rusty_lesion\IMG20250703090339.png,anthracnose,anthrac_rusty_lesion,IMG20250703090339.png,test
C:\Users\giant\Projects\pomelo-disease-classification\images\enhanced\mites\mites_covered_surface\IMG20250703090504.png,mites,mites_covered_surface,IMG20250703090504.png,train
C:\Users\giant\Projects\pomelo-disease-classification\images\enhanced\mites\mites_covered_surface\IMG20250703090508.png,mites,mites_covered_surface,IMG20250703090508.png,train
C:\Users\giant\Projects\pomelo-disease-classification\images\enhanced\anthracnose\anthrac_yellowing_skin\IMG20250703090735.png,anthracnose,anthrac_yellowing_skin,IMG20250703090735.png,train
C:\Users\giant\Projects\pomelo-disease-classification\images\enhanced\anthracnose\anthrac_yellowing_skin\IMG20250703090740.png,anthracnose,anthrac_yellowing_skin,IMG20250703090740.png,train
C:\Users\giant\Projects\pomelo-disease-classification\images\enhanced\borer\borer_vertical_scar\IMG20250703090751.png,borer,borer_vertical_scar,IMG20250703090751.png,val
C:\Users\giant\Projects\pomelo-disease-classification\images\enhanced\mites\mites_covered_surface\IMG20250703090800.png,mites,mites_covered_surface,IMG20250703090800.png,train
C:\Users\giant\Projects\pomelo-disease-classification\images\enhanced\melanose\melanose_medium\IMG20250703090803.png,melanose,melanose_medium,IMG20250703090803.png,train
C:\Users\giant\Projects\pomelo-disease-classification\images\enhanced\borer\borer_small_hole\IMG20250703090807.png,borer,borer_small_hole,IMG20250703090807.png,val
C:\Users\giant\Projects\pomelo-disease-classification\images\enhanced\anthracnose\anthrac_rusty_lesion\IMG20250703090816.png,anthracnose,anthrac_rusty_lesion,IMG20250703090816.png,train
C:\Users\giant\Projects\pomelo-disease-classification\images\enhanced\anthracnose\anthrac_rusty_lesion\IMG20250703090820.png,anthracnose,anthrac_rusty_lesion,IMG20250703090820.png,train
C:\Users\giant\Projects\pomelo-disease-classification\images\enhanced\anthracnose\anthrac_rusty_lesion\IMG20250703090829.png,anthracnose,anthrac_rusty_lesion,IMG20250703090829.png,test
C:\Users\giant\Projects\pomelo-disease-classification\images\enhanced\anthracnose\anthrac_rusty_lesion\IMG20250703090834.png,anthracnose,anthrac_rusty_lesion,IMG20250703090834.png,train
C:\Users\giant\Projects\pomelo-disease-classification\images\enhanced\anthracnose\anthrac_black_lesion\IMG20250703090838.png,anthracnose,anthrac_black_lesion,IMG20250703090838.png,train
C:\Users\giant\Projects\pomelo-disease-classification\images\enhanced\mites\mites_covered_surface\IMG20250703090843.png,mites,mites_covered_surface,IMG20250703090843.png,train
C:\Users\giant\Projects\pomelo-disease-classification\images\enhanced\mites\mites_covered_surface\IMG20250703090847.png,mites,mites_covered_surface,IMG20250703090847.png,train
C:\Users\giant\Projects\pomelo-disease-classification\images\enhanced\anthracnose\anthrac_yellowing_skin\IMG20250703090852.png,anthracnose,anthrac_yellowing_skin,IMG20250703090852.png,train
C:\Users\giant\Projects\pomelo-disease-classification\images\enhanced\anthracnose\anthrac_yellowing_skin\IMG20250703090855.png,anthracnose,anthrac_yellowing_skin,IMG20250703090855.png,train
C:\Users\giant\Projects\pomelo-disease-classification\images\enhanced\anthracnose\anthrac_rusty_lesion\IMG20250703090906.png,anthracnose,anthrac_rusty_lesion,IMG20250703090906.png,train
C:\Users\giant\Projects\pomelo-disease-classification\images\enhanced\anthracnose\anthrac_rusty_lesion\IMG20250703090909.png,anthracnose,anthrac_rusty_lesion,IMG20250703090909.png,test
C:\Users\giant\Projects\pomelo-disease-classification\images\enhanced\mites\mites_covered_surface\IMG20250703090913.png,mites,mites_covered_surface,IMG20250703090913.png,train
C:\Users\giant\Projects\pomelo-disease-classification\images\enhanced\mites\mites_covered_surface\IMG20250703090916.png,mites,mites_covered_surface,IMG20250703090916.png,train
C:\Users\giant\Projects\pomelo-disease-classification\images\enhanced\mites\mites_covered_surface\IMG20250703090920.png,mites,mites_covered_surface,IMG20250703090920.png,val
C:\Users\giant\Projects\pomelo-disease-classification\images\enhanced\mites\mites_covered_surface\IMG20250703090923.png,mites,mites_covered_surface,IMG20250703090923.png,val
C:\Users\giant\Projects\pomelo-disease-classification\images\enhanced\mites\mites_covered_surface\IMG20250703090929.png,mites,mites_covered_surface,IMG20250703090929.png,train
C:\Users\giant\Projects\pomelo-disease-classification\images\enhanced\mites\mites_covered_surface\IMG20250703090931.png,mites,mites_covered_surface,IMG20250703090931.png,train
C:\Users\giant\Projects\pomelo-disease-classification\images\enhanced\mites\mites_covered_surface\IMG20250703090937.png,mites,mites_covered_surface,IMG20250703090937.png,train
C:\Users\giant\Projects\pomelo-disease-classification\images\enhanced\mites\mites_covered_surface\IMG20250703090940.png,mites,mites_covered_surface,IMG20250703090940.png,train
C:\Users\giant\Projects\pomelo-disease-classification\images\enhanced\mites\mites_covered_surface\IMG20250703090944.png,mites,mites_covered_surface,IMG20250703090944.png,train
C:\Users\giant\Projects\pomelo-disease-classification\images\enhanced\mites\mites_covered_surface\IMG20250703090948.png,mites,mites_covered_surface,IMG20250703090948.png,test
C:\Users\giant\Projects\pomelo-disease-classification\images\enhanced\anthracnose\anthrac_black_lesion\IMG20250703090953.png,anthracnose,anthrac_black_lesion,IMG20250703090953.png,val
C:\Users\giant\Projects\pomelo-disease-classification\images\enhanced\anthracnose\anthrac_rusty_lesion\IMG20250703090956.png,anthracnose,anthrac_rusty_lesion,IMG20250703090956.png,train
C:\Users\giant\Projects\pomelo-disease-classification\images\enhanced\anthracnose\anthrac_rusty_lesion\IMG20250703091001.png,anthracnose,anthrac_rusty_lesion,IMG20250703091001.png,train
C:\Users\giant\Projects\pomelo-disease-classification\images\enhanced\melanose\melanose_medium\IMG20250703091004.png,melanose,melanose_medium,IMG20250703091004.png,test
C:\Users\giant\Projects\pomelo-disease-classification\images\enhanced\mites\mites_covered_surface\IMG20250703091010.png,mites,mites_covered_surface,IMG20250703091010.png,test
C:\Users\giant\Projects\pomelo-disease-classification\images\enhanced\mites\mites_scrapes\IMG20250703091014.png,mites,mites_scrapes,IMG20250703091014.png,train
C:\Users\giant\Projects\pomelo-disease-classification\images\enhanced\anthracnose\anthrac_black_lesion\IMG20250703091020.png,anthracnose,anthrac_black_lesion,IMG20250703091020.png,val
C:\Users\giant\Projects\pomelo-disease-classification\images\enhanced\mites\mites_covered_surface\IMG20250703091028.png,mites,mites_covered_surface,IMG20250703091028.png,train
C:\Users\giant\Projects\pomelo-disease-classification\images\enhanced\mites\mites_covered_surface\IMG20250703091031.png,mites,mites_covered_surface,IMG20250703091031.png,val
C:\Users\giant\Projects\pomelo-disease-classification\images\enhanced\borer\borer_large_hole\IMG20250703091050.png,borer,borer_large_hole,IMG20250703091050.png,train
C:\Users\giant\Projects\pomelo-disease-classification\images\enhanced\anthracnose\anthrac_yellowing_skin\IMG20250703091103.png,anthracnose,anthrac_yellowing_skin,IMG20250703091103.png,test
C:\Users\giant\Projects\pomelo-disease-classification\images\enhanced\mites\mites_covered_surface\IMG20250703091111.png,mites,mites_covered_surface,IMG20250703091111.png,train
C:\Users\giant\Projects\pomelo-disease-classification\images\enhanced\melanose\melanose_medium\IMG20250703091127.png,melanose,melanose_medium,IMG20250703091127.png,val
C:\Users\giant\Projects\pomelo-disease-classification\images\enhanced\melanose\melanose_small\IMG20250703091131.png,melanose,melanose_small,IMG20250703091131.png,train
C:\Users\giant\Projects\pomelo-disease-classification\images\enhanced\melanose\melanose_medium\IMG20250703091144.png,melanose,melanose_medium,IMG20250703091144.png,train
C:\Users\giant\Projects\pomelo-disease-classification\images\enhanced\anthracnose\anthrac_yellowing_skin\IMG20250703091200.png,anthracnose,anthrac_yellowing_skin,IMG20250703091200.png,train
C:\Users\giant\Projects\pomelo-disease-classification\images\enhanced\borer\borer_large_hole\IMG20250703091204.png,borer,borer_large_hole,IMG20250703091204.png,train
C:\Users\giant\Projects\pomelo-disease-classification\images\enhanced\mites\mites_covered_surface\IMG20250703091213.png,mites,mites_covered_surface,IMG20250703091213.png,train
C:\Users\giant\Projects\pomelo-disease-classification\images\enhanced\mites\mites_covered_surface\IMG20250703091216.png,mites,mites_covered_surface,IMG20250703091216.png,val
C:\Users\giant\Projects\pomelo-disease-classification\images\enhanced\mites\mites_covered_surface\IMG20250703091232.png,mites,mites_covered_surface,IMG20250703091232.png,train
C:\Users\giant\Projects\pomelo-disease-classification\images\enhanced\mites\mites_covered_surface\IMG20250703091236.png,mites,mites_covered_surface,IMG20250703091236.png,train
C:\Users\giant\Projects\pomelo-disease-classification\images\enhanced\mites\mites_covered_surface\IMG20250703091247.png,mites,mites_covered_surface,IMG20250703091247.png,train
C:\Users\giant\Projects\pomelo-disease-classification\images\enhanced\mites\mites_covered_surface\IMG20250703091255.png,mites,mites_covered_surface,IMG20250703091255.png,train
C:\Users\giant\Projects\pomelo-disease-classification\images\enhanced\mites\mites_covered_surface\IMG20250703091304.png,mites,mites_covered_surface,IMG20250703091304.png,train
C:\Users\giant\Projects\pomelo-disease-classification\images\enhanced\mites\mites_covered_surface\IMG20250703091307.png,mites,mites_covered_surface,IMG20250703091307.png,val
C:\Users\giant\Projects\pomelo-disease-classification\images\enhanced\melanose\melanose_medium\IMG20250703091312.png,melanose,melanose_medium,IMG20250703091312.png,train
C:\Users\giant\Projects\pomelo-disease-classification\images\enhanced\melanose\melanose_medium\IMG20250703091317.png,melanose,melanose_medium,IMG20250703091317.png,val
C:\Users\giant\Projects\pomelo-disease-classification\images\enhanced\melanose\melanose_medium\IMG20250703091323.png,melanose,melanose_medium,IMG20250703091323.png,train
C:\Users\giant\Projects\pomelo-disease-classification\images\enhanced\melanose\melanose_small\IMG20250703091330.png,melanose,melanose_small,IMG20250703091330.png,train
C:\Users\giant\Projects\pomelo-disease-classification\images\enhanced\melanose\melanose_small\IMG20250703091334.png,melanose,melanose_small,IMG20250703091334.png,train
C:\Users\giant\Projects\pomelo-disease-classification\images\enhanced\mites\mites_scrapes\IMG20250703091340.png,mites,mites_scrapes,IMG20250703091340.png,train
C:\Users\giant\Projects\pomelo-disease-classification\images\enhanced\mites\mites_scrapes\IMG20250703091344.png,mites,mites_scrapes,IMG20250703091344.png,val
C:\Users\giant\Projects\pomelo-disease-classification\images\enhanced\mites\mites_covered_surface\IMG20250703091349.png,mites,mites_covered_surface,IMG20250703091349.png,train
C:\Users\giant\Projects\pomelo-disease-classification\images\enhanced\melanose\melanose_small\IMG20250703091418.png,melanose,melanose_small,IMG20250703091418.png,val
C:\Users\giant\Projects\pomelo-disease-classification\images\enhanced\mites\mites_covered_surface\IMG20250703091437.png,mites,mites_covered_surface,IMG20250703091437.png,train
C:\Users\giant\Projects\pomelo-disease-classification\images\enhanced\mites\mites_covered_surface\IMG20250703091445.png,mites,mites_covered_surface,IMG20250703091445.png,train
C:\Users\giant\Projects\pomelo-disease-classification\images\enhanced\mites\mites_covered_surface\IMG20250703091458.png,mites,mites_covered_surface,IMG20250703091458.png,train
C:\Users\giant\Projects\pomelo-disease-classification\images\enhanced\mites\mites_covered_surface\IMG20250703091505.png,mites,mites_covered_surface,IMG20250703091505.png,train
C:\Users\giant\Projects\pomelo-disease-classification\images\enhanced\anthracnose\anthrac_rusty_lesion\IMG20250703091511.png,anthracnose,anthrac_rusty_lesion,IMG20250703091511.png,train
C:\Users\giant\Projects\pomelo-disease-classification\images\enhanced\mites\mites_scrapes\IMG20250703091514.png,mites,mites_scrapes,IMG20250703091514.png,train
C:\Users\giant\Projects\pomelo-disease-classification\images\enhanced\mites\mites_covered_surface\IMG20250703091519.png,mites,mites_covered_surface,IMG20250703091519.png,train
C:\Users\giant\Projects\pomelo-disease-classification\images\enhanced\mites\mites_covered_surface\IMG20250703091525.png,mites,mites_covered_surface,IMG20250703091525.png,train
C:\Users\giant\Projects\pomelo-disease-classification\images\enhanced\melanose\melanose_small\IMG20250703091734.png,melanose,melanose_small,IMG20250703091734.png,val
C:\Users\giant\Projects\pomelo-disease-classification\images\enhanced\melanose\melanose_small\IMG20250703091742.png,melanose,melanose_small,IMG20250703091742.png,val
C:\Users\giant\Projects\pomelo-disease-classification\images\enhanced\melanose\melanose_small\IMG20250703091746.png,melanose,melanose_small,IMG20250703091746.png,train
C:\Users\giant\Projects\pomelo-disease-classification\images\enhanced\melanose\melanose_small\IMG20250703091749.png,melanose,melanose_small,IMG20250703091749.png,train
C:\Users\giant\Projects\pomelo-disease-classification\images\enhanced\healthy\healthy_green\IMG20250703091756.png,healthy,healthy_green,IMG20250703091756.png,train
C:\Users\giant\Projects\pomelo-disease-classification\images\enhanced\melanose\melanose_small\IMG20250703091802.png,melanose,melanose_small,IMG20250703091802.png,train
C:\Users\giant\Projects\pomelo-disease-classification\images\enhanced\melanose\melanose_small\IMG20250703091826.png,melanose,melanose_small,IMG20250703091826.png,train
C:\Users\giant\Projects\pomelo-disease-classification\images\enhanced\melanose\melanose_medium\IMG20250703091832.png,melanose,melanose_medium,IMG20250703091832.png,test
C:\Users\giant\Projects\pomelo-disease-classification\images\enhanced\anthracnose\anthrac_rusty_lesion\IMG20250703091859.png,anthracnose,anthrac_rusty_lesion,IMG20250703091859.png,train
C:\Users\giant\Projects\pomelo-disease-classification\images\enhanced\anthracnose\anthrac_rusty_lesion\IMG20250703091904.png,anthracnose,anthrac_rusty_lesion,IMG20250703091904.png,val
C:\Users\giant\Projects\pomelo-disease-classification\images\enhanced\anthracnose\anthrac_rusty_lesion\IMG20250703091950.png,anthracnose,anthrac_rusty_lesion,IMG20250703091950.png,val
C:\Users\giant\Projects\pomelo-disease-classification\images\enhanced\anthracnose\anthrac_rusty_lesion\IMG20250703091954.png,anthracnose,anthrac_rusty_lesion,IMG20250703091954.png,train
C:\Users\giant\Projects\pomelo-disease-classification\images\enhanced\melanose\melanose_small\IMG20250703092003.png,melanose,melanose_small,IMG20250703092003.png,train
C:\Users\giant\Projects\pomelo-disease-classification\images\enhanced\anthracnose\anthrac_rusty_lesion\IMG20250703092024.png,anthracnose,anthrac_rusty_lesion,IMG20250703092024.png,train
C:\Users\giant\Projects\pomelo-disease-classification\images\enhanced\anthracnose\anthrac_rusty_lesion\IMG20250703092057.png,anthracnose,anthrac_rusty_lesion,IMG20250703092057.png,train
C:\Users\giant\Projects\pomelo-disease-classification\images\enhanced\anthracnose\anthrac_rusty_lesion\IMG20250703092059.png,anthracnose,anthrac_rusty_lesion,IMG20250703092059.png,train
C:\Users\giant\Projects\pomelo-disease-classification\images\enhanced\anthracnose\anthrac_rusty_lesion\IMG20250703092104.png,anthracnose,anthrac_rusty_lesion,IMG20250703092104.png,train
C:\Users\giant\Projects\pomelo-disease-classification\images\enhanced\anthracnose\anthrac_rusty_lesion\IMG20250703092109.png,anthracnose,anthrac_rusty_lesion,IMG20250703092109.png,train
C:\Users\giant\Projects\pomelo-disease-classification\images\enhanced\borer\borer_multiple_holes\IMG20250703092137.png,borer,borer_multiple_holes,IMG20250703092137.png,test
C:\Users\giant\Projects\pomelo-disease-classification\images\enhanced\borer\borer_multiple_holes\IMG20250703092142.png,borer,borer_multiple_holes,IMG20250703092142.png,test
C:\Users\giant\Projects\pomelo-disease-classification\images\enhanced\borer\borer_multiple_holes\IMG20250703092151.png,borer,borer_multiple_holes,IMG20250703092151.png,train
C:\Users\giant\Projects\pomelo-disease-classification\images\enhanced\borer\borer_multiple_holes\IMG20250703092158.png,borer,borer_multiple_holes,IMG20250703092158.png,test
C:\Users\giant\Projects\pomelo-disease-classification\images\enhanced\anthracnose\anthrac_yellowing_skin\IMG20250703092205.png,anthracnose,anthrac_yellowing_skin,IMG20250703092205.png,val
C:\Users\giant\Projects\pomelo-disease-classification\images\enhanced\borer\borer_multiple_holes\IMG20250703092213.png,borer,borer_multiple_holes,IMG20250703092213.png,train
C:\Users\giant\Projects\pomelo-disease-classification\images\enhanced\borer\borer_large_hole\IMG20250703092217.png,borer,borer_large_hole,IMG20250703092217.png,val
C:\Users\giant\Projects\pomelo-disease-classification\images\enhanced\borer\borer_multiple_holes\IMG20250703092228.png,borer,borer_multiple_holes,IMG20250703092228.png,train
C:\Users\giant\Projects\pomelo-disease-classification\images\enhanced\anthracnose\anthrac_yellowing_skin\IMG20250703092252.png,anthracnose,anthrac_yellowing_skin,IMG20250703092252.png,train
C:\Users\giant\Projects\pomelo-disease-classification\images\enhanced\anthracnose\anthrac_yellowing_skin\IMG20250703092258.png,anthracnose,anthrac_yellowing_skin,IMG20250703092258.png,train
C:\Users\giant\Projects\pomelo-disease-classification\images\enhanced\borer\borer_multiple_holes\IMG20250703092302.png,borer,borer_multiple_holes,IMG20250703092302.png,train
C:\Users\giant\Projects\pomelo-disease-classification\images\enhanced\anthracnose\anthrac_rusty_lesion\IMG20250703092314.png,anthracnose,anthrac_rusty_lesion,IMG20250703092314.png,val
C:\Users\giant\Projects\pomelo-disease-classification\images\enhanced\melanose\melanose_small\IMG20250703092320.png,melanose,melanose_small,IMG20250703092320.png,train
C:\Users\giant\Projects\pomelo-disease-classification\images\enhanced\melanose\melanose_early\IMG20250703092323.png,melanose,melanose_early,IMG20250703092323.png,train
C:\Users\giant\Projects\pomelo-disease-classification\images\enhanced\melanose\melanose_small\IMG20250703092329.png,melanose,melanose_small,IMG20250703092329.png,train
C:\Users\giant\Projects\pomelo-disease-classification\images\enhanced\melanose\melanose_small\IMG20250703092333.png,melanose,melanose_small,IMG20250703092333.png,train
C:\Users\giant\Projects\pomelo-disease-classification\images\enhanced\borer\borer_small_hole\IMG20250703092343.png,borer,borer_small_hole,IMG20250703092343.png,train
C:\Users\giant\Projects\pomelo-disease-classification\images\enhanced\borer\borer_multiple_holes\IMG20250703092402.png,borer,borer_multiple_holes,IMG20250703092402.png,val
C:\Users\giant\Projects\pomelo-disease-classification\images\enhanced\anthracnose\anthrac_rusty_lesion\IMG20250703092416.png,anthracnose,anthrac_rusty_lesion,IMG20250703092416.png,val
C:\Users\giant\Projects\pomelo-disease-classification\images\enhanced\melanose\melanose_small\IMG20250703092419.png,melanose,melanose_small,IMG20250703092419.png,train
C:\Users\giant\Projects\pomelo-disease-classification\images\enhanced\mites\mites_scrapes\IMG20250703092429.png,mites,mites_scrapes,IMG20250703092429.png,train
C:\Users\giant\Projects\pomelo-disease-classification\images\enhanced\melanose\melanose_small\IMG20250703092433.png,melanose,melanose_small,IMG20250703092433.png,train
C:\Users\giant\Projects\pomelo-disease-classification\images\enhanced\melanose\melanose_early\IMG20250703092438.png,melanose,melanose_early,IMG20250703092438.png,val
C:\Users\giant\Projects\pomelo-disease-classification\images\enhanced\anthracnose\anthrac_rusty_lesion\IMG20250703092440.png,anthracnose,anthrac_rusty_lesion,IMG20250703092440.png,train
C:\Users\giant\Projects\pomelo-disease-classification\images\enhanced\melanose\melanose_early\IMG20250703092443.png,melanose,melanose_early,IMG20250703092443.png,test
C:\Users\giant\Projects\pomelo-disease-classification\images\enhanced\melanose\melanose_small\IMG20250703092446.png,melanose,melanose_small,IMG20250703092446.png,test
C:\Users\giant\Projects\pomelo-disease-classification\images\enhanced\melanose\melanose_small\IMG20250703092453.png,melanose,melanose_small,IMG20250703092453.png,val
C:\Users\giant\Projects\pomelo-disease-classification\images\enhanced\anthracnose\anthrac_rusty_lesion\IMG20250703092456.png,anthracnose,anthrac_rusty_lesion,IMG20250703092456.png,val
C:\Users\giant\Projects\pomelo-disease-classification\images\enhanced\anthracnose\anthrac_rusty_lesion\IMG20250703092513.png,anthracnose,anthrac_rusty_lesion,IMG20250703092513.png,val
C:\Users\giant\Projects\pomelo-disease-classification\images\enhanced\anthracnose\anthrac_rusty_lesion\IMG20250703092518.png,anthracnose,anthrac_rusty_lesion,IMG20250703092518.png,train
C:\Users\giant\Projects\pomelo-disease-classification\images\enhanced\anthracnose\anthrac_rusty_lesion\IMG20250703092523.png,anthracnose,anthrac_rusty_lesion,IMG20250703092523.png,train
C:\Users\giant\Projects\pomelo-disease-classification\images\enhanced\borer\borer_small_hole\IMG20250703092546.png,borer,borer_small_hole,IMG20250703092546.png,train
C:\Users\giant\Projects\pomelo-disease-classification\images\enhanced\anthracnose\anthrac_black_lesion\IMG20250703092553.png,anthracnose,anthrac_black_lesion,IMG20250703092553.png,train
C:\Users\giant\Projects\pomelo-disease-classification\images\enhanced\anthracnose\anthrac_black_lesion\IMG20250703092654.png,anthracnose,anthrac_black_lesion,IMG20250703092654.png,test
C:\Users\giant\Projects\pomelo-disease-classification\images\enhanced\anthracnose\anthrac_black_lesion\IMG20250703092658.png,anthracnose,anthrac_black_lesion,IMG20250703092658.png,val
C:\Users\giant\Projects\pomelo-disease-classification\images\enhanced\anthracnose\anthrac_black_lesion\IMG20250703092702.png,anthracnose,anthrac_black_lesion,IMG20250703092702.png,train
C:\Users\giant\Projects\pomelo-disease-classification\images\enhanced\borer\borer_multiple_holes\IMG20250703092709.png,borer,borer_multiple_holes,IMG20250703092709.png,train
C:\Users\giant\Projects\pomelo-disease-classification\images\enhanced\anthracnose\anthrac_black_lesion\IMG20250703092714.png,anthracnose,anthrac_black_lesion,IMG20250703092714.png,train
C:\Users\giant\Projects\pomelo-disease-classification\images\enhanced\anthracnose\anthrac_black_lesion\IMG20250703092717.png,anthracnose,anthrac_black_lesion,IMG20250703092717.png,train
C:\Users\giant\Projects\pomelo-disease-classification\images\enhanced\anthracnose\anthrac_yellowing_skin\IMG20250703092731.png,anthracnose,anthrac_yellowing_skin,IMG20250703092731.png,val
C:\Users\giant\Projects\pomelo-disease-classification\images\enhanced\anthracnose\anthrac_yellowing_skin\IMG20250703092738.png,anthracnose,anthrac_yellowing_skin,IMG20250703092738.png,train
C:\Users\giant\Projects\pomelo-disease-classification\images\enhanced\anthracnose\anthrac_black_lesion\IMG20250703092831.png,anthracnose,anthrac_black_lesion,IMG20250703092831.png,train
C:\Users\giant\Projects\pomelo-disease-classification\images\enhanced\anthracnose\anthrac_black_lesion\IMG20250703092838.png,anthracnose,anthrac_black_lesion,IMG20250703092838.png,train
C:\Users\giant\Projects\pomelo-disease-classification\images\enhanced\melanose\melanose_small\IMG20250703092853.png,melanose,melanose_small,IMG20250703092853.png,train
C:\Users\giant\Projects\pomelo-disease-classification\images\enhanced\melanose\melanose_small\IMG20250703092910.png,melanose,melanose_small,IMG20250703092910.png,train
C:\Users\giant\Projects\pomelo-disease-classification\images\enhanced\melanose\melanose_early\IMG20250703092917.png,melanose,melanose_early,IMG20250703092917.png,train
C:\Users\giant\Projects\pomelo-disease-classification\images\enhanced\healthy\healthy_green\IMG20250703092920.png,healthy,healthy_green,IMG20250703092920.png,val
C:\Users\giant\Projects\pomelo-disease-classification\images\enhanced\melanose\melanose_small\IMG20250703093012.png,melanose,melanose_small,IMG20250703093012.png,train
C:\Users\giant\Projects\pomelo-disease-classification\images\enhanced\anthracnose\anthrac_rusty_lesion\IMG20250703093026.png,anthracnose,anthrac_rusty_lesion,IMG20250703093026.png,train
C:\Users\giant\Projects\pomelo-disease-classification\images\enhanced\anthracnose\anthrac_rusty_lesion\IMG20250703093045.png,anthracnose,anthrac_rusty_lesion,IMG20250703093045.png,test
C:\Users\giant\Projects\pomelo-disease-classification\images\enhanced\anthracnose\anthrac_rusty_lesion\IMG20250703093052.png,anthracnose,anthrac_rusty_lesion,IMG20250703093052.png,train
C:\Users\giant\Projects\pomelo-disease-classification\images\enhanced\anthracnose\anthrac_rusty_lesion\IMG20250703093109.png,anthracnose,anthrac_rusty_lesion,IMG20250703093109.png,train
C:\Users\giant\Projects\pomelo-disease-classification\images\enhanced\borer\borer_small_hole\IMG20250703093122.png,borer,borer_small_hole,IMG20250703093122.png,train
C:\Users\giant\Projects\pomelo-disease-classification\images\enhanced\anthracnose\anthrac_rusty_lesion\IMG20250703093127.png,anthracnose,anthrac_rusty_lesion,IMG20250703093127.png,train
C:\Users\giant\Projects\pomelo-disease-classification\images\enhanced\anthracnose\anthrac_rusty_lesion\IMG20250703093147.png,anthracnose,anthrac_rusty_lesion,IMG20250703093147.png,train
C:\Users\giant\Projects\pomelo-disease-classification\images\enhanced\anthracnose\anthrac_black_lesion\IMG20250703093221.png,anthracnose,anthrac_black_lesion,IMG20250703093221.png,train
C:\Users\giant\Projects\pomelo-disease-classification\images\enhanced\anthracnose\anthrac_black_lesion\IMG20250703093226.png,anthracnose,anthrac_black_lesion,IMG20250703093226.png,train
C:\Users\giant\Projects\pomelo-disease-classification\images\enhanced\anthracnose\anthrac_black_lesion\IMG20250703093230.png,anthracnose,anthrac_black_lesion,IMG20250703093230.png,train
C:\Users\giant\Projects\pomelo-disease-classification\images\enhanced\anthracnose\anthrac_black_lesion\IMG20250703093237.png,anthracnose,anthrac_black_lesion,IMG20250703093237.png,train
C:\Users\giant\Projects\pomelo-disease-classification\images\enhanced\anthracnose\anthrac_black_lesion\IMG20250703093304.png,anthracnose,anthrac_black_lesion,IMG20250703093304.png,train
C:\Users\giant\Projects\pomelo-disease-classification\images\enhanced\mites\mites_scrapes\IMG20250703093310.png,mites,mites_scrapes,IMG20250703093310.png,train
C:\Users\giant\Projects\pomelo-disease-classification\images\enhanced\anthracnose\anthrac_black_lesion\IMG20250703093313.png,anthracnose,anthrac_black_lesion,IMG20250703093313.png,train
C:\Users\giant\Projects\pomelo-disease-classification\images\enhanced\anthracnose\anthrac_rusty_lesion\IMG20250703093342.png,anthracnose,anthrac_rusty_lesion,IMG20250703093342.png,train
C:\Users\giant\Projects\pomelo-disease-classification\images\enhanced\anthracnose\anthrac_rusty_lesion\IMG20250703093418.png,anthracnose,anthrac_rusty_lesion,IMG20250703093418.png,train
C:\Users\giant\Projects\pomelo-disease-classification\images\enhanced\anthracnose\anthrac_rusty_lesion\IMG20250703093426.png,anthracnose,anthrac_rusty_lesion,IMG20250703093426.png,test
C:\Users\giant\Projects\pomelo-disease-classification\images\enhanced\anthracnose\anthrac_rusty_lesion\IMG20250703093431.png,anthracnose,anthrac_rusty_lesion,IMG20250703093431.png,train
C:\Users\giant\Projects\pomelo-disease-classification\images\enhanced\anthracnose\anthrac_rusty_lesion\IMG20250703093438.png,anthracnose,anthrac_rusty_lesion,IMG20250703093438.png,train
C:\Users\giant\Projects\pomelo-disease-classification\images\enhanced\borer\borer_large_hole\IMG20250703093457.png,borer,borer_large_hole,IMG20250703093457.png,train
C:\Users\giant\Projects\pomelo-disease-classification\images\enhanced\borer\borer_small_hole\IMG20250703093500.png,borer,borer_small_hole,IMG20250703093500.png,train
C:\Users\giant\Projects\pomelo-disease-classification\images\enhanced\anthracnose\anthrac_rusty_lesion\IMG20250703093504.png,anthracnose,anthrac_rusty_lesion,IMG20250703093504.png,test
C:\Users\giant\Projects\pomelo-disease-classification\images\enhanced\anthracnose\anthrac_rusty_lesion\IMG20250703093515.png,anthracnose,anthrac_rusty_lesion,IMG20250703093515.png,val
C:\Users\giant\Projects\pomelo-disease-classification\images\enhanced\melanose\melanose_small\IMG20250703093521.png,melanose,melanose_small,IMG20250703093521.png,train
C:\Users\giant\Projects\pomelo-disease-classification\images\enhanced\anthracnose\anthrac_rusty_lesion\IMG20250703093528.png,anthracnose,anthrac_rusty_lesion,IMG20250703093528.png,train
C:\Users\giant\Projects\pomelo-disease-classification\images\enhanced\melanose\melanose_early\IMG20250703093535.png,melanose,melanose_early,IMG20250703093535.png,train
C:\Users\giant\Projects\pomelo-disease-classification\images\enhanced\anthracnose\anthrac_black_lesion\IMG20250703093538.png,anthracnose,anthrac_black_lesion,IMG20250703093538.png,train
C:\Users\giant\Projects\pomelo-disease-classification\images\enhanced\anthracnose\anthrac_black_lesion\IMG20250703093540.png,anthracnose,anthrac_black_lesion,IMG20250703093540.png,test
C:\Users\giant\Projects\pomelo-disease-classification\images\enhanced\anthracnose\anthrac_black_lesion\IMG20250703093544.png,anthracnose,anthrac_black_lesion,IMG20250703093544.png,val
C:\Users\giant\Projects\pomelo-disease-classification\images\enhanced\mites\mites_scrapes\IMG20250703093551.png,mites,mites_scrapes,IMG20250703093551.png,val
C:\Users\giant\Projects\pomelo-disease-classification\images\enhanced\mites\mites_scrapes\IMG20250703093557.png,mites,mites_scrapes,IMG20250703093557.png,train
C:\Users\giant\Projects\pomelo-disease-classification\images\enhanced\melanose\melanose_early\IMG20250703093630.png,melanose,melanose_early,IMG20250703093630.png,train
C:\Users\giant\Projects\pomelo-disease-classification\images\enhanced\melanose\melanose_small\IMG20250703093648.png,melanose,melanose_small,IMG20250703093648.png,train
C:\Users\giant\Projects\pomelo-disease-classification\images\enhanced\mites\mites_scrapes\IMG20250703093701.png,mites,mites_scrapes,IMG20250703093701.png,val
C:\Users\giant\Projects\pomelo-disease-classification\images\enhanced\mites\mites_scrapes\IMG20250703093724.png,mites,mites_scrapes,IMG20250703093724.png,train
C:\Users\giant\Projects\pomelo-disease-classification\images\enhanced\anthracnose\anthrac_black_lesion\IMG20250703093733.png,anthracnose,anthrac_black_lesion,IMG20250703093733.png,train
C:\Users\giant\Projects\pomelo-disease-classification\images\enhanced\mites\mites_scrapes\IMG20250703093750.png,mites,mites_scrapes,IMG20250703093750.png,train
C:\Users\giant\Projects\pomelo-disease-classification\images\enhanced\melanose\melanose_medium\IMG20250703093754.png,melanose,melanose_medium,IMG20250703093754.png,train
C:\Users\giant\Projects\pomelo-disease-classification\images\enhanced\melanose\melanose_medium\IMG20250703093812.png,melanose,melanose_medium,IMG20250703093812.png,train
C:\Users\giant\Projects\pomelo-disease-classification\images\enhanced\melanose\melanose_small\IMG20250703093816.png,melanose,melanose_small,IMG20250703093816.png,train
C:\Users\giant\Projects\pomelo-disease-classification\images\enhanced\anthracnose\anthrac_black_lesion\IMG20250703093822.png,anthracnose,anthrac_black_lesion,IMG20250703093822.png,train
C:\Users\giant\Projects\pomelo-disease-classification\images\enhanced\melanose\melanose_small\IMG20250703093837.png,melanose,melanose_small,IMG20250703093837.png,train
C:\Users\giant\Projects\pomelo-disease-classification\images\enhanced\mites\mites_scrapes\IMG20250703093854.png,mites,mites_scrapes,IMG20250703093854.png,train
C:\Users\giant\Projects\pomelo-disease-classification\images\enhanced\mites\mites_scrapes\IMG20250703093910.png,mites,mites_scrapes,IMG20250703093910.png,train
C:\Users\giant\Projects\pomelo-disease-classification\images\enhanced\melanose\melanose_small\IMG20250703093919.png,melanose,melanose_small,IMG20250703093919.png,train
C:\Users\giant\Projects\pomelo-disease-classification\images\enhanced\melanose\melanose_small\IMG20250703093928.png,melanose,melanose_small,IMG20250703093928.png,train
C:\Users\giant\Projects\pomelo-disease-classification\images\enhanced\anthracnose\anthrac_rusty_lesion\IMG20250703093939.png,anthracnose,anthrac_rusty_lesion,IMG20250703093939.png,train
C:\Users\giant\Projects\pomelo-disease-classification\images\enhanced\anthracnose\anthrac_rusty_lesion\IMG20250703093954.png,anthracnose,anthrac_rusty_lesion,IMG20250703093954.png,train
C:\Users\giant\Projects\pomelo-disease-classification\images\enhanced\anthracnose\anthrac_black_lesion\IMG20250703094000.png,anthracnose,anthrac_black_lesion,IMG20250703094000.png,train
C:\Users\giant\Projects\pomelo-disease-classification\images\enhanced\anthracnose\anthrac_rusty_lesion\IMG20250703094605.png,anthracnose,anthrac_rusty_lesion,IMG20250703094605.png,val
C:\Users\giant\Projects\pomelo-disease-classification\images\enhanced\anthracnose\anthrac_black_lesion\IMG20250703094609.png,anthracnose,anthrac_black_lesion,IMG20250703094609.png,val
C:\Users\giant\Projects\pomelo-disease-classification\images\enhanced\anthracnose\anthrac_black_lesion\IMG20250703094620.png,anthracnose,anthrac_black_lesion,IMG20250703094620.png,train
C:\Users\giant\Projects\pomelo-disease-classification\images\enhanced\anthracnose\anthrac_black_lesion\IMG20250703094624.png,anthracnose,anthrac_black_lesion,IMG20250703094624.png,train
C:\Users\giant\Projects\pomelo-disease-classification\images\enhanced\anthracnose\anthrac_black_lesion\IMG20250703094636.png,anthracnose,anthrac_black_lesion,IMG20250703094636.png,train
C:\Users\giant\Projects\pomelo-disease-classification\images\enhanced\anthracnose\anthrac_black_lesion\IMG20250703094640.png,anthracnose,anthrac_black_lesion,IMG20250703094640.png,train
C:\Users\giant\Projects\pomelo-disease-classification\images\enhanced\melanose\melanose_medium\IMG20250703094648.png,melanose,melanose_medium,IMG20250703094648.png,val
C:\Users\giant\Projects\pomelo-disease-classification\images\enhanced\anthracnose\anthrac_black_lesion\IMG20250703094746.png,anthracnose,anthrac_black_lesion,IMG20250703094746.png,test
C:\Users\giant\Projects\pomelo-disease-classification\images\enhanced\anthracnose\anthrac_black_lesion\IMG20250703094756.png,anthracnose,anthrac_black_lesion,IMG20250703094756.png,train
C:\Users\giant\Projects\pomelo-disease-classification\images\enhanced\melanose\melanose_small\IMG20250703094929.png,melanose,melanose_small,IMG20250703094929.png,train
C:\Users\giant\Projects\pomelo-disease-classification\images\enhanced\melanose\melanose_small\IMG20250703094937.png,melanose,melanose_small,IMG20250703094937.png,train
C:\Users\giant\Projects\pomelo-disease-classification\images\enhanced\melanose\melanose_small\IMG20250703094942.png,melanose,melanose_small,IMG20250703094942.png,train
C:\Users\giant\Projects\pomelo-disease-classification\images\enhanced\healthy\healthy_green\IMG20250703095045.png,healthy,healthy_green,IMG20250703095045.png,train
C:\Users\giant\Projects\pomelo-disease-classification\images\enhanced\melanose\melanose_small\IMG20250703095054.png,melanose,melanose_small,IMG20250703095054.png,train
C:\Users\giant\Projects\pomelo-disease-classification\images\enhanced\melanose\melanose_small\IMG20250703095114.png,melanose,melanose_small,IMG20250703095114.png,val
C:\Users\giant\Projects\pomelo-disease-classification\images\enhanced\melanose\melanose_small\IMG20250703095120.png,melanose,melanose_small,IMG20250703095120.png,train
C:\Users\giant\Projects\pomelo-disease-classification\images\enhanced\mites\mites_scrapes\IMG20250703095131.png,mites,mites_scrapes,IMG20250703095131.png,train
C:\Users\giant\Projects\pomelo-disease-classification\images\enhanced\mites\mites_scrapes\IMG20250703095136.png,mites,mites_scrapes,IMG20250703095136.png,train
C:\Users\giant\Projects\pomelo-disease-classification\images\enhanced\melanose\melanose_small\IMG20250703095241.png,melanose,melanose_small,IMG20250703095241.png,train
C:\Users\giant\Projects\pomelo-disease-classification\images\enhanced\melanose\melanose_small\IMG20250703095249.png,melanose,melanose_small,IMG20250703095249.png,test
C:\Users\giant\Projects\pomelo-disease-classification\images\enhanced\anthracnose\anthrac_rusty_lesion\IMG20250703095255.png,anthracnose,anthrac_rusty_lesion,IMG20250703095255.png,train
C:\Users\giant\Projects\pomelo-disease-classification\images\enhanced\melanose\melanose_small\IMG20250703095302.png,melanose,melanose_small,IMG20250703095302.png,train
C:\Users\giant\Projects\pomelo-disease-classification\images\enhanced\melanose\melanose_small\IMG20250703095304.png,melanose,melanose_small,IMG20250703095304.png,train
C:\Users\giant\Projects\pomelo-disease-classification\images\enhanced\melanose\melanose_small\IMG20250703095308.png,melanose,melanose_small,IMG20250703095308.png,train
C:\Users\giant\Projects\pomelo-disease-classification\images\enhanced\anthracnose\anthrac_yellowing_skin\IMG20250703095501.png,anthracnose,anthrac_yellowing_skin,IMG20250703095501.png,train
C:\Users\giant\Projects\pomelo-disease-classification\images\enhanced\healthy\healthy_yellowish\IMG20250703095503.png,healthy,healthy_yellowish,IMG20250703095503.png,test
C:\Users\giant\Projects\pomelo-disease-classification\images\enhanced\anthracnose\anthrac_yellowing_skin\IMG20250703095508.png,anthracnose,anthrac_yellowing_skin,IMG20250703095508.png,val
C:\Users\giant\Projects\pomelo-disease-classification\images\enhanced\mites\mites_scrapes\IMG20250703095511.png,mites,mites_scrapes,IMG20250703095511.png,test
C:\Users\giant\Projects\pomelo-disease-classification\images\enhanced\melanose\melanose_small\IMG20250703095529.png,melanose,melanose_small,IMG20250703095529.png,train
C:\Users\giant\Projects\pomelo-disease-classification\images\enhanced\melanose\melanose_small\IMG20250703095559.png,melanose,melanose_small,IMG20250703095559.png,train
C:\Users\giant\Projects\pomelo-disease-classification\images\enhanced\melanose\melanose_small\IMG20250703095602.png,melanose,melanose_small,IMG20250703095602.png,train
C:\Users\giant\Projects\pomelo-disease-classification\images\enhanced\melanose\melanose_small\IMG20250703095614.png,melanose,melanose_small,IMG20250703095614.png,train
C:\Users\giant\Projects\pomelo-disease-classification\images\enhanced\melanose\melanose_small\IMG20250703095617.png,melanose,melanose_small,IMG20250703095617.png,val
C:\Users\giant\Projects\pomelo-disease-classification\images\enhanced\melanose\melanose_medium\IMG20250703095624.png,melanose,melanose_medium,IMG20250703095624.png,train
C:\Users\giant\Projects\pomelo-disease-classification\images\enhanced\melanose\melanose_small\IMG20250703095634.png,melanose,melanose_small,IMG20250703095634.png,train
C:\Users\giant\Projects\pomelo-disease-classification\images\enhanced\melanose\melanose_small\IMG20250703095738.png,melanose,melanose_small,IMG20250703095738.png,test
C:\Users\giant\Projects\pomelo-disease-classification\images\enhanced\melanose\melanose_small\IMG20250703095808.png,melanose,melanose_small,IMG20250703095808.png,train
C:\Users\giant\Projects\pomelo-disease-classification\images\enhanced\melanose\melanose_small\IMG20250703095816.png,melanose,melanose_small,IMG20250703095816.png,train
C:\Users\giant\Projects\pomelo-disease-classification\images\enhanced\melanose\melanose_small\IMG20250703095822.png,melanose,melanose_small,IMG20250703095822.png,train
C:\Users\giant\Projects\pomelo-disease-classification\images\enhanced\borer\borer_large_hole\IMG20250703095901.png,borer,borer_large_hole,IMG20250703095901.png,train
C:\Users\giant\Projects\pomelo-disease-classification\images\enhanced\melanose\melanose_small\IMG20250703095905.png,melanose,melanose_small,IMG20250703095905.png,train
C:\Users\giant\Projects\pomelo-disease-classification\images\enhanced\healthy\healthy_pale\IMG20250703095913.png,healthy,healthy_pale,IMG20250703095913.png,train
C:\Users\giant\Projects\pomelo-disease-classification\images\enhanced\melanose\melanose_small\IMG20250703095917.png,melanose,melanose_small,IMG20250703095917.png,val
C:\Users\giant\Projects\pomelo-disease-classification\images\enhanced\melanose\melanose_small\IMG20250703095939.png,melanose,melanose_small,IMG20250703095939.png,train
C:\Users\giant\Projects\pomelo-disease-classification\images\enhanced\melanose\melanose_small\IMG20250703095951.png,melanose,melanose_small,IMG20250703095951.png,train
C:\Users\giant\Projects\pomelo-disease-classification\images\enhanced\melanose\melanose_small\IMG20250703100007.png,melanose,melanose_small,IMG20250703100007.png,train
C:\Users\giant\Projects\pomelo-disease-classification\images\enhanced\anthracnose\anthrac_black_lesion\IMG20250703100019.png,anthracnose,anthrac_black_lesion,IMG20250703100019.png,train
C:\Users\giant\Projects\pomelo-disease-classification\images\enhanced\melanose\melanose_small\IMG20250703100025.png,melanose,melanose_small,IMG20250703100025.png,train
C:\Users\giant\Projects\pomelo-disease-classification\images\enhanced\melanose\melanose_small\IMG20250703100033.png,melanose,melanose_small,IMG20250703100033.png,train
C:\Users\giant\Projects\pomelo-disease-classification\images\enhanced\melanose\melanose_small\IMG20250703100039.png,melanose,melanose_small,IMG20250703100039.png,train
C:\Users\giant\Projects\pomelo-disease-classification\images\enhanced\melanose\melanose_small\IMG20250703100044.png,melanose,melanose_small,IMG20250703100044.png,train
C:\Users\giant\Projects\pomelo-disease-classification\images\enhanced\melanose\melanose_small\IMG20250703100047.png,melanose,melanose_small,IMG20250703100047.png,train
C:\Users\giant\Projects\pomelo-disease-classification\images\enhanced\melanose\melanose_small\IMG20250703100053.png,melanose,melanose_small,IMG20250703100053.png,train
C:\Users\giant\Projects\pomelo-disease-classification\images\enhanced\melanose\melanose_small\IMG20250703100100.png,melanose,melanose_small,IMG20250703100100.png,val
C:\Users\giant\Projects\pomelo-disease-classification\images\enhanced\melanose\melanose_small\IMG20250703100103.png,melanose,melanose_small,IMG20250703100103.png,train
C:\Users\giant\Projects\pomelo-disease-classification\images\enhanced\melanose\melanose_small\IMG20250703100112.png,melanose,melanose_small,IMG20250703100112.png,train
C:\Users\giant\Projects\pomelo-disease-classification\images\enhanced\melanose\melanose_small\IMG20250703100121.png,melanose,melanose_small,IMG20250703100121.png,train
C:\Users\giant\Projects\pomelo-disease-classification\images\enhanced\melanose\melanose_small\IMG20250703100123.png,melanose,melanose_small,IMG20250703100123.png,train
C:\Users\giant\Projects\pomelo-disease-classification\images\enhanced\melanose\melanose_early\IMG20250703100131.png,melanose,melanose_early,IMG20250703100131.png,train
C:\Users\giant\Projects\pomelo-disease-classification\images\enhanced\melanose\melanose_early\IMG20250703100137.png,melanose,melanose_early,IMG20250703100137.png,train
C:\Users\giant\Projects\pomelo-disease-classification\images\enhanced\melanose\melanose_small\IMG20250703100143.png,melanose,melanose_small,IMG20250703100143.png,train
C:\Users\giant\Projects\pomelo-disease-classification\images\enhanced\anthracnose\anthrac_rusty_lesion\IMG20250703100239.png,anthracnose,anthrac_rusty_lesion,IMG20250703100239.png,train
C:\Users\giant\Projects\pomelo-disease-classification\images\enhanced\anthracnose\anthrac_rusty_lesion\IMG20250703100242.png,anthracnose,anthrac_rusty_lesion,IMG20250703100242.png,train
C:\Users\giant\Projects\pomelo-disease-classification\images\enhanced\melanose\melanose_small\IMG20250703100450.png,melanose,melanose_small,IMG20250703100450.png,train
C:\Users\giant\Projects\pomelo-disease-classification\images\enhanced\melanose\melanose_small\IMG20250703100500.png,melanose,melanose_small,IMG20250703100500.png,train
C:\Users\giant\Projects\pomelo-disease-classification\images\enhanced\melanose\melanose_small\IMG20250703100506.png,melanose,melanose_small,IMG20250703100506.png,train
C:\Users\giant\Projects\pomelo-disease-classification\images\enhanced\melanose\melanose_small\IMG20250703100520.png,melanose,melanose_small,IMG20250703100520.png,train
C:\Users\giant\Projects\pomelo-disease-classification\images\enhanced\melanose\melanose_small\IMG20250703100523.png,melanose,melanose_small,IMG20250703100523.png,train
C:\Users\giant\Projects\pomelo-disease-classification\images\enhanced\melanose\melanose_small\IMG20250703100528.png,melanose,melanose_small,IMG20250703100528.png,train
C:\Users\giant\Projects\pomelo-disease-classification\images\enhanced\melanose\melanose_small\IMG20250703100552.png,melanose,melanose_small,IMG20250703100552.png,test
C:\Users\giant\Projects\pomelo-disease-classification\images\enhanced\melanose\melanose_small\IMG20250703100610.png,melanose,melanose_small,IMG20250703100610.png,train
C:\Users\giant\Projects\pomelo-disease-classification\images\enhanced\melanose\melanose_small\IMG20250703100625.png,melanose,melanose_small,IMG20250703100625.png,val
C:\Users\giant\Projects\pomelo-disease-classification\images\enhanced\melanose\melanose_small\IMG20250703100627.png,melanose,melanose_small,IMG20250703100627.png,train
C:\Users\giant\Projects\pomelo-disease-classification\images\enhanced\melanose\melanose_small\IMG20250703100642.png,melanose,melanose_small,IMG20250703100642.png,train
C:\Users\giant\Projects\pomelo-disease-classification\images\enhanced\healthy\healthy_pale\IMG20250703100644.png,healthy,healthy_pale,IMG20250703100644.png,train
C:\Users\giant\Projects\pomelo-disease-classification\images\enhanced\anthracnose\anthrac_black_lesion\IMG20250703100655.png,anthracnose,anthrac_black_lesion,IMG20250703100655.png,train
C:\Users\giant\Projects\pomelo-disease-classification\images\enhanced\melanose\melanose_small\IMG20250703100704.png,melanose,melanose_small,IMG20250703100704.png,val
C:\Users\giant\Projects\pomelo-disease-classification\images\enhanced\melanose\melanose_small\IMG20250703100730.png,melanose,melanose_small,IMG20250703100730.png,train
C:\Users\giant\Projects\pomelo-disease-classification\images\enhanced\melanose\melanose_small\IMG20250703100744.png,melanose,melanose_small,IMG20250703100744.png,train
C:\Users\giant\Projects\pomelo-disease-classification\images\enhanced\healthy\healthy_green\IMG20250703100749.png,healthy,healthy_green,IMG20250703100749.png,train
C:\Users\giant\Projects\pomelo-disease-classification\images\enhanced\healthy\healthy_pale\IMG20250703100800.png,healthy,healthy_pale,IMG20250703100800.png,train
C:\Users\giant\Projects\pomelo-disease-classification\images\enhanced\melanose\melanose_small\IMG20250703100803.png,melanose,melanose_small,IMG20250703100803.png,train
C:\Users\giant\Projects\pomelo-disease-classification\images\enhanced\melanose\melanose_small\IMG20250703100820.png,melanose,melanose_small,IMG20250703100820.png,train
C:\Users\giant\Projects\pomelo-disease-classification\images\enhanced\melanose\melanose_small\IMG20250703100840.png,melanose,melanose_small,IMG20250703100840.png,train
C:\Users\giant\Projects\pomelo-disease-classification\images\enhanced\melanose\melanose_small\IMG20250703100842.png,melanose,melanose_small,IMG20250703100842.png,train
C:\Users\giant\Projects\pomelo-disease-classification\images\enhanced\melanose\melanose_small\IMG20250703100856.png,melanose,melanose_small,IMG20250703100856.png,train
C:\Users\giant\Projects\pomelo-disease-classification\images\enhanced\melanose\melanose_early\IMG20250703100900.png,melanose,melanose_early,IMG20250703100900.png,train
C:\Users\giant\Projects\pomelo-disease-classification\images\enhanced\melanose\melanose_early\IMG20250703100902.png,melanose,melanose_early,IMG20250703100902.png,train
C:\Users\giant\Projects\pomelo-disease-classification\images\enhanced\melanose\melanose_small\IMG20250703100931.png,melanose,melanose_small,IMG20250703100931.png,train
C:\Users\giant\Projects\pomelo-disease-classification\images\enhanced\melanose\melanose_small\IMG20250703100952.png,melanose,melanose_small,IMG20250703100952.png,train
C:\Users\giant\Projects\pomelo-disease-classification\images\enhanced\melanose\melanose_early\IMG20250703101011.png,melanose,melanose_early,IMG20250703101011.png,train
C:\Users\giant\Projects\pomelo-disease-classification\images\enhanced\healthy\healthy_green\IMG20250703101016.png,healthy,healthy_green,IMG20250703101016.png,train
C:\Users\giant\Projects\pomelo-disease-classification\images\enhanced\healthy\healthy_green\IMG20250703101046.png,healthy,healthy_green,IMG20250703101046.png,train
C:\Users\giant\Projects\pomelo-disease-classification\images\enhanced\melanose\melanose_small\IMG20250703101049.png,melanose,melanose_small,IMG20250703101049.png,test
C:\Users\giant\Projects\pomelo-disease-classification\images\enhanced\healthy\healthy_green\IMG20250703101051.png,healthy,healthy_green,IMG20250703101051.png,train
C:\Users\giant\Projects\pomelo-disease-classification\images\enhanced\healthy\healthy_green\IMG20250703101107.png,healthy,healthy_green,IMG20250703101107.png,train
C:\Users\giant\Projects\pomelo-disease-classification\images\enhanced\melanose\melanose_small\IMG20250703101109.png,melanose,melanose_small,IMG20250703101109.png,test
C:\Users\giant\Projects\pomelo-disease-classification\images\enhanced\melanose\melanose_small\IMG20250703101125.png,melanose,melanose_small,IMG20250703101125.png,train
C:\Users\giant\Projects\pomelo-disease-classification\images\enhanced\healthy\healthy_green\IMG20250703101128.png,healthy,healthy_green,IMG20250703101128.png,train
C:\Users\giant\Projects\pomelo-disease-classification\images\enhanced\melanose\melanose_small\IMG20250703101134.png,melanose,melanose_small,IMG20250703101134.png,val
C:\Users\giant\Projects\pomelo-disease-classification\images\enhanced\melanose\melanose_small\IMG20250703101137.png,melanose,melanose_small,IMG20250703101137.png,train
C:\Users\giant\Projects\pomelo-disease-classification\images\enhanced\melanose\melanose_small\IMG20250703101156.png,melanose,melanose_small,IMG20250703101156.png,train
C:\Users\giant\Projects\pomelo-disease-classification\images\enhanced\melanose\melanose_small\IMG20250703101203.png,melanose,melanose_small,IMG20250703101203.png,val
C:\Users\giant\Projects\pomelo-disease-classification\images\enhanced\melanose\melanose_small\IMG20250703101243.png,melanose,melanose_small,IMG20250703101243.png,train
C:\Users\giant\Projects\pomelo-disease-classification\images\enhanced\healthy\healthy_green\IMG20250703101253.png,healthy,healthy_green,IMG20250703101253.png,train
C:\Users\giant\Projects\pomelo-disease-classification\images\enhanced\melanose\melanose_small\IMG20250703101325.png,melanose,melanose_small,IMG20250703101325.png,train
C:\Users\giant\Projects\pomelo-disease-classification\images\enhanced\melanose\melanose_small\IMG20250703101514.png,melanose,melanose_small,IMG20250703101514.png,test
C:\Users\giant\Projects\pomelo-disease-classification\images\enhanced\melanose\melanose_small\IMG20250703101516.png,melanose,melanose_small,IMG20250703101516.png,train
C:\Users\giant\Projects\pomelo-disease-classification\images\enhanced\melanose\melanose_early\IMG20250703101521.png,melanose,melanose_early,IMG20250703101521.png,train
C:\Users\giant\Projects\pomelo-disease-classification\images\enhanced\melanose\melanose_early\IMG20250703101524.png,melanose,melanose_early,IMG20250703101524.png,train
C:\Users\giant\Projects\pomelo-disease-classification\images\enhanced\melanose\melanose_medium\IMG20250703101528.png,melanose,melanose_medium,IMG20250703101528.png,train
C:\Users\giant\Projects\pomelo-disease-classification\images\enhanced\melanose\melanose_small\IMG20250703101543.png,melanose,melanose_small,IMG20250703101543.png,train
C:\Users\giant\Projects\pomelo-disease-classification\images\enhanced\melanose\melanose_medium\IMG20250703101610.png,melanose,melanose_medium,IMG20250703101610.png,train
C:\Users\giant\Projects\pomelo-disease-classification\images\enhanced\melanose\melanose_medium\IMG20250703101614.png,melanose,melanose_medium,IMG20250703101614.png,test
C:\Users\giant\Projects\pomelo-disease-classification\images\enhanced\healthy\healthy_pale\IMG20250703101630.png,healthy,healthy_pale,IMG20250703101630.png,train
C:\Users\giant\Projects\pomelo-disease-classification\images\enhanced\melanose\melanose_small\IMG20250703101638.png,melanose,melanose_small,IMG20250703101638.png,train
C:\Users\giant\Projects\pomelo-disease-classification\images\enhanced\borer\borer_small_hole\IMG20250703101708.png,borer,borer_small_hole,IMG20250703101708.png,train
C:\Users\giant\Projects\pomelo-disease-classification\images\enhanced\melanose\melanose_small\IMG20250703101735.png,melanose,melanose_small,IMG20250703101735.png,train
C:\Users\giant\Projects\pomelo-disease-classification\images\enhanced\melanose\melanose_early\IMG20250703101813.png,melanose,melanose_early,IMG20250703101813.png,val
C:\Users\giant\Projects\pomelo-disease-classification\images\enhanced\blackspot\blackspot_small\IMG20250703101833.png,blackspot,blackspot_small,IMG20250703101833.png,test
C:\Users\giant\Projects\pomelo-disease-classification\images\enhanced\healthy\healthy_yellowish\IMG20250703101854.png,healthy,healthy_yellowish,IMG20250703101854.png,train
C:\Users\giant\Projects\pomelo-disease-classification\images\enhanced\healthy\healthy_yellowish\IMG20250703101938.png,healthy,healthy_yellowish,IMG20250703101938.png,train
C:\Users\giant\Projects\pomelo-disease-classification\images\enhanced\melanose\melanose_small\IMG20250703102318.png,melanose,melanose_small,IMG20250703102318.png,train
C:\Users\giant\Projects\pomelo-disease-classification\images\enhanced\melanose\melanose_medium\IMG20250703102351.png,melanose,melanose_medium,IMG20250703102351.png,val
C:\Users\giant\Projects\pomelo-disease-classification\images\enhanced\blackspot\blackspot_small\IMG20250801075450.png,blackspot,blackspot_small,IMG20250801075450.png,train
C:\Users\giant\Projects\pomelo-disease-classification\images\enhanced\melanose\melanose_small\IMG20250801075454.png,melanose,melanose_small,IMG20250801075454.png,train
C:\Users\giant\Projects\pomelo-disease-classification\images\enhanced\healthy\healthy_pale\IMG20250801075507.png,healthy,healthy_pale,IMG20250801075507.png,test
C:\Users\giant\Projects\pomelo-disease-classification\images\enhanced\healthy\healthy_pale\IMG20250801075511.png,healthy,healthy_pale,IMG20250801075511.png,train
C:\Users\giant\Projects\pomelo-disease-classification\images\enhanced\healthy\healthy_pale\IMG20250801075515.png,healthy,healthy_pale,IMG20250801075515.png,train
C:\Users\giant\Projects\pomelo-disease-classification\images\enhanced\healthy\healthy_pale\IMG20250801075530.png,healthy,healthy_pale,IMG20250801075530.png,train
C:\Users\giant\Projects\pomelo-disease-classification\images\enhanced\healthy\healthy_pale\IMG20250801075540.png,healthy,healthy_pale,IMG20250801075540.png,train
C:\Users\giant\Projects\pomelo-disease-classification\images\enhanced\healthy\healthy_pale\IMG20250801075553.png,healthy,healthy_pale,IMG20250801075553.png,train
C:\Users\giant\Projects\pomelo-disease-classification\images\enhanced\blackspot\blackspot_small\IMG20250801075612.png,blackspot,blackspot_small,IMG20250801075612.png,train
C:\Users\giant\Projects\pomelo-disease-classification\images\enhanced\blackspot\blackspot_small\IMG20250801075617.png,blackspot,blackspot_small,IMG20250801075617.png,train
C:\Users\giant\Projects\pomelo-disease-classification\images\enhanced\melanose\melanose_small\IMG20250801075619.png,melanose,melanose_small,IMG20250801075619.png,test
C:\Users\giant\Projects\pomelo-disease-classification\images\enhanced\healthy\healthy_pale\IMG20250801075844.png,healthy,healthy_pale,IMG20250801075844.png,train
C:\Users\giant\Projects\pomelo-disease-classification\images\enhanced\healthy\healthy_pale\IMG20250801075923.png,healthy,healthy_pale,IMG20250801075923.png,train
C:\Users\giant\Projects\pomelo-disease-classification\images\enhanced\healthy\healthy_pale\IMG20250801075929.png,healthy,healthy_pale,IMG20250801075929.png,train
C:\Users\giant\Projects\pomelo-disease-classification\images\enhanced\anthracnose\anthrac_black_lesion\IMG20250801075943.png,anthracnose,anthrac_black_lesion,IMG20250801075943.png,test
C:\Users\giant\Projects\pomelo-disease-classification\images\enhanced\anthracnose\anthrac_black_lesion\IMG20250801075948.png,anthracnose,anthrac_black_lesion,IMG20250801075948.png,train
C:\Users\giant\Projects\pomelo-disease-classification\images\enhanced\blackspot\blackspot_small\IMG20250801075955.png,blackspot,blackspot_small,IMG20250801075955.png,train
C:\Users\giant\Projects\pomelo-disease-classification\images\enhanced\melanose\melanose_small\IMG20250801080004.png,melanose,melanose_small,IMG20250801080004.png,train
C:\Users\giant\Projects\pomelo-disease-classification\images\enhanced\blackspot\blackspot_small\IMG20250801080016.png,blackspot,blackspot_small,IMG20250801080016.png,train
C:\Users\giant\Projects\pomelo-disease-classification\images\enhanced\mites\mites_scrapes\IMG20250801080034.png,mites,mites_scrapes,IMG20250801080034.png,train
C:\Users\giant\Projects\pomelo-disease-classification\images\enhanced\blackspot\blackspot_medium\IMG20250801080046.png,blackspot,blackspot_medium,IMG20250801080046.png,train
C:\Users\giant\Projects\pomelo-disease-classification\images\enhanced\melanose\melanose_medium\IMG20250801080053.png,melanose,melanose_medium,IMG20250801080053.png,train
C:\Users\giant\Projects\pomelo-disease-classification\images\enhanced\borer\borer_large_hole\IMG20250801080222.png,borer,borer_large_hole,IMG20250801080222.png,train
C:\Users\giant\Projects\pomelo-disease-classification\images\enhanced\borer\borer_multiple_holes\IMG20250801080247.png,borer,borer_multiple_holes,IMG20250801080247.png,train
C:\Users\giant\Projects\pomelo-disease-classification\images\enhanced\healthy\healthy_pale\IMG20250801080350.png,healthy,healthy_pale,IMG20250801080350.png,train
C:\Users\giant\Projects\pomelo-disease-classification\images\enhanced\healthy\healthy_pale\IMG20250801080353.png,healthy,healthy_pale,IMG20250801080353.png,train
C:\Users\giant\Projects\pomelo-disease-classification\images\enhanced\melanose\melanose_small\IMG20250801080404.png,melanose,melanose_small,IMG20250801080404.png,val
C:\Users\giant\Projects\pomelo-disease-classification\images\enhanced\healthy\healthy_pale\IMG20250801080408.png,healthy,healthy_pale,IMG20250801080408.png,val
C:\Users\giant\Projects\pomelo-disease-classification\images\enhanced\blackspot\blackspot_medium\IMG20250801080415.png,blackspot,blackspot_medium,IMG20250801080415.png,test
C:\Users\giant\Projects\pomelo-disease-classification\images\enhanced\blackspot\blackspot_small\IMG20250801080432.png,blackspot,blackspot_small,IMG20250801080432.png,train
C:\Users\giant\Projects\pomelo-disease-classification\images\enhanced\blackspot\blackspot_small\IMG20250801080450.png,blackspot,blackspot_small,IMG20250801080450.png,train
C:\Users\giant\Projects\pomelo-disease-classification\images\enhanced\mites\mites_browned_skin\IMG20250801080511.png,mites,mites_browned_skin,IMG20250801080511.png,train
C:\Users\giant\Projects\pomelo-disease-classification\images\enhanced\mites\mites_side_patch\IMG20250801080515.png,mites,mites_side_patch,IMG20250801080515.png,train
C:\Users\giant\Projects\pomelo-disease-classification\images\enhanced\mites\mites_side_patch\IMG20250801080522.png,mites,mites_side_patch,IMG20250801080522.png,val
C:\Users\giant\Projects\pomelo-disease-classification\images\enhanced\mites\mites_front_patch\IMG20250801080526.png,mites,mites_front_patch,IMG20250801080526.png,train
C:\Users\giant\Projects\pomelo-disease-classification\images\enhanced\mites\mites_front_patch\IMG20250801080531.png,mites,mites_front_patch,IMG20250801080531.png,train
C:\Users\giant\Projects\pomelo-disease-classification\images\enhanced\mites\mites_scrapes\IMG20250801080536.png,mites,mites_scrapes,IMG20250801080536.png,train
C:\Users\giant\Projects\pomelo-disease-classification\images\enhanced\healthy\healthy_pale\IMG20250801080551.png,healthy,healthy_pale,IMG20250801080551.png,val
C:\Users\giant\Projects\pomelo-disease-classification\images\enhanced\melanose\melanose_small\IMG20250801080558.png,melanose,melanose_small,IMG20250801080558.png,train
C:\Users\giant\Projects\pomelo-disease-classification\images\enhanced\anthracnose\anthrac_rusty_lesion\IMG20250801080638.png,anthracnose,anthrac_rusty_lesion,IMG20250801080638.png,train
C:\Users\giant\Projects\pomelo-disease-classification\images\enhanced\blackspot\blackspot_small\IMG20250801080646.png,blackspot,blackspot_small,IMG20250801080646.png,train
C:\Users\giant\Projects\pomelo-disease-classification\images\enhanced\melanose\melanose_small\IMG20250801080651.png,melanose,melanose_small,IMG20250801080651.png,test
C:\Users\giant\Projects\pomelo-disease-classification\images\enhanced\anthracnose\anthrac_black_lesion\IMG20250801080746.png,anthracnose,anthrac_black_lesion,IMG20250801080746.png,train
C:\Users\giant\Projects\pomelo-disease-classification\images\enhanced\blackspot\blackspot_small\IMG20250801080752.png,blackspot,blackspot_small,IMG20250801080752.png,train
C:\Users\giant\Projects\pomelo-disease-classification\images\enhanced\melanose\melanose_small\IMG20250801080812.png,melanose,melanose_small,IMG20250801080812.png,train
C:\Users\giant\Projects\pomelo-disease-classification\images\enhanced\healthy\healthy_pale\IMG20250801080822.png,healthy,healthy_pale,IMG20250801080822.png,train
C:\Users\giant\Projects\pomelo-disease-classification\images\enhanced\healthy\healthy_pale\IMG20250801080830.png,healthy,healthy_pale,IMG20250801080830.png,train
C:\Users\giant\Projects\pomelo-disease-classification\images\enhanced\borer\borer_small_hole\IMG20250801080838.png,borer,borer_small_hole,IMG20250801080838.png,train
C:\Users\giant\Projects\pomelo-disease-classification\images\enhanced\anthracnose\anthrac_black_lesion\IMG20250801080848.png,anthracnose,anthrac_black_lesion,IMG20250801080848.png,train
C:\Users\giant\Projects\pomelo-disease-classification\images\enhanced\healthy\healthy_pale\IMG20250801080908.png,healthy,healthy_pale,IMG20250801080908.png,train
C:\Users\giant\Projects\pomelo-disease-classification\images\enhanced\blackspot\blackspot_small\IMG20250801080910.png,blackspot,blackspot_small,IMG20250801080910.png,test
C:\Users\giant\Projects\pomelo-disease-classification\images\enhanced\melanose\melanose_small\IMG20250801080914.png,melanose,melanose_small,IMG20250801080914.png,train
C:\Users\giant\Projects\pomelo-disease-classification\images\enhanced\healthy\healthy_pale\IMG20250801080921.png,healthy,healthy_pale,IMG20250801080921.png,train
C:\Users\giant\Projects\pomelo-disease-classification\images\enhanced\healthy\healthy_pale\IMG20250801080929.png,healthy,healthy_pale,IMG20250801080929.png,train
C:\Users\giant\Projects\pomelo-disease-classification\images\enhanced\healthy\healthy_pale\IMG20250801080949.png,healthy,healthy_pale,IMG20250801080949.png,train
C:\Users\giant\Projects\pomelo-disease-classification\images\enhanced\healthy\healthy_pale\IMG20250801081006.png,healthy,healthy_pale,IMG20250801081006.png,val
C:\Users\giant\Projects\pomelo-disease-classification\images\enhanced\mites\mites_scrapes\IMG20250801081025.png,mites,mites_scrapes,IMG20250801081025.png,val
C:\Users\giant\Projects\pomelo-disease-classification\images\enhanced\healthy\healthy_pale\IMG20250801081031.png,healthy,healthy_pale,IMG20250801081031.png,train
C:\Users\giant\Projects\pomelo-disease-classification\images\enhanced\blackspot\blackspot_medium\IMG20250801081058.png,blackspot,blackspot_medium,IMG20250801081058.png,train
C:\Users\giant\Projects\pomelo-disease-classification\images\enhanced\healthy\healthy_yellowish\IMG20250801081111.png,healthy,healthy_yellowish,IMG20250801081111.png,train
C:\Users\giant\Projects\pomelo-disease-classification\images\enhanced\blackspot\blackspot_small\IMG20250801081118.png,blackspot,blackspot_small,IMG20250801081118.png,train
C:\Users\giant\Projects\pomelo-disease-classification\images\enhanced\blackspot\blackspot_small\IMG20250801081126.png,blackspot,blackspot_small,IMG20250801081126.png,train
C:\Users\giant\Projects\pomelo-disease-classification\images\enhanced\blackspot\blackspot_small\IMG20250801081136.png,blackspot,blackspot_small,IMG20250801081136.png,train
C:\Users\giant\Projects\pomelo-disease-classification\images\enhanced\blackspot\blackspot_small\IMG20250801081138.png,blackspot,blackspot_small,IMG20250801081138.png,train
C:\Users\giant\Projects\pomelo-disease-classification\images\enhanced\healthy\healthy_pale\IMG20250801081149.png,healthy,healthy_pale,IMG20250801081149.png,train
C:\Users\giant\Projects\pomelo-disease-classification\images\enhanced\blackspot\blackspot_small\IMG20250801081207.png,blackspot,blackspot_small,IMG20250801081207.png,train
C:\Users\giant\Projects\pomelo-disease-classification\images\enhanced\melanose\melanose_small\IMG20250801081238.png,melanose,melanose_small,IMG20250801081238.png,test
C:\Users\giant\Projects\pomelo-disease-classification\images\enhanced\melanose\melanose_small\IMG20250801081258.png,melanose,melanose_small,IMG20250801081258.png,train
C:\Users\giant\Projects\pomelo-disease-classification\images\enhanced\blackspot\blackspot_small\IMG20250801081317.png,blackspot,blackspot_small,IMG20250801081317.png,val
C:\Users\giant\Projects\pomelo-disease-classification\images\enhanced\blackspot\blackspot_small\IMG20250801081321.png,blackspot,blackspot_small,IMG20250801081321.png,train
C:\Users\giant\Projects\pomelo-disease-classification\images\enhanced\melanose\melanose_small\IMG20250801081336.png,melanose,melanose_small,IMG20250801081336.png,val
C:\Users\giant\Projects\pomelo-disease-classification\images\enhanced\anthracnose\anthrac_black_lesion\IMG20250801081342.png,anthracnose,anthrac_black_lesion,IMG20250801081342.png,train
C:\Users\giant\Projects\pomelo-disease-classification\images\enhanced\blackspot\blackspot_small\IMG20250801081409.png,blackspot,blackspot_small,IMG20250801081409.png,train
C:\Users\giant\Projects\pomelo-disease-classification\images\enhanced\blackspot\blackspot_medium\IMG20250801081415.png,blackspot,blackspot_medium,IMG20250801081415.png,train
C:\Users\giant\Projects\pomelo-disease-classification\images\enhanced\blackspot\blackspot_small\IMG20250801081423.png,blackspot,blackspot_small,IMG20250801081423.png,val
C:\Users\giant\Projects\pomelo-disease-classification\images\enhanced\blackspot\blackspot_small\IMG20250801081553.png,blackspot,blackspot_small,IMG20250801081553.png,val
C:\Users\giant\Projects\pomelo-disease-classification\images\enhanced\blackspot\blackspot_medium\IMG20250801081600.png,blackspot,blackspot_medium,IMG20250801081600.png,test
C:\Users\giant\Projects\pomelo-disease-classification\images\enhanced\healthy\healthy_pale\IMG20250801081608.png,healthy,healthy_pale,IMG20250801081608.png,test
C:\Users\giant\Projects\pomelo-disease-classification\images\enhanced\blackspot\blackspot_small\IMG20250801081614.png,blackspot,blackspot_small,IMG20250801081614.png,train
C:\Users\giant\Projects\pomelo-disease-classification\images\enhanced\melanose\melanose_medium\IMG20250801081630.png,melanose,melanose_medium,IMG20250801081630.png,train
C:\Users\giant\Projects\pomelo-disease-classification\images\enhanced\melanose\melanose_medium\IMG20250801081706.png,melanose,melanose_medium,IMG20250801081706.png,train
C:\Users\giant\Projects\pomelo-disease-classification\images\enhanced\melanose\melanose_medium\IMG20250801081713.png,melanose,melanose_medium,IMG20250801081713.png,val
C:\Users\giant\Projects\pomelo-disease-classification\images\enhanced\melanose\melanose_medium\IMG20250801081813.png,melanose,melanose_medium,IMG20250801081813.png,train
C:\Users\giant\Projects\pomelo-disease-classification\images\enhanced\blackspot\blackspot_small\IMG20250801081822.png,blackspot,blackspot_small,IMG20250801081822.png,train
C:\Users\giant\Projects\pomelo-disease-classification\images\enhanced\melanose\melanose_medium\IMG20250801081834.png,melanose,melanose_medium,IMG20250801081834.png,train
C:\Users\giant\Projects\pomelo-disease-classification\images\enhanced\melanose\melanose_medium\IMG20250801081914.png,melanose,melanose_medium,IMG20250801081914.png,test
C:\Users\giant\Projects\pomelo-disease-classification\images\enhanced\blackspot\blackspot_small\IMG20250801081934.png,blackspot,blackspot_small,IMG20250801081934.png,val
C:\Users\giant\Projects\pomelo-disease-classification\images\enhanced\healthy\healthy_pale\IMG20250801081941.png,healthy,healthy_pale,IMG20250801081941.png,train
C:\Users\giant\Projects\pomelo-disease-classification\images\enhanced\melanose\melanose_medium\IMG20250801081957.png,melanose,melanose_medium,IMG20250801081957.png,train
C:\Users\giant\Projects\pomelo-disease-classification\images\enhanced\healthy\healthy_pale\IMG20250801082009.png,healthy,healthy_pale,IMG20250801082009.png,test
C:\Users\giant\Projects\pomelo-disease-classification\images\enhanced\healthy\healthy_pale\IMG20250801082018.png,healthy,healthy_pale,IMG20250801082018.png,train
C:\Users\giant\Projects\pomelo-disease-classification\images\enhanced\borer\borer_large_hole\IMG20250801082134.png,borer,borer_large_hole,IMG20250801082134.png,train
C:\Users\giant\Projects\pomelo-disease-classification\images\enhanced\borer\borer_large_hole\IMG20250801082148.png,borer,borer_large_hole,IMG20250801082148.png,train
C:\Users\giant\Projects\pomelo-disease-classification\images\enhanced\borer\borer_large_hole\IMG20250801082502.png,borer,borer_large_hole,IMG20250801082502.png,train
C:\Users\giant\Projects\pomelo-disease-classification\images\enhanced\borer\borer_large_hole\IMG20250801082512.png,borer,borer_large_hole,IMG20250801082512.png,train
C:\Users\giant\Projects\pomelo-disease-classification\images\enhanced\borer\borer_rotated_view\IMG20250801082604.png,borer,borer_rotated_view,IMG20250801082604.png,test
C:\Users\giant\Projects\pomelo-disease-classification\images\enhanced\borer\borer_rotated_view\IMG20250801082608.png,borer,borer_rotated_view,IMG20250801082608.png,val
C:\Users\giant\Projects\pomelo-disease-classification\images\enhanced\borer\borer_rotated_view\IMG20250801082616.png,borer,borer_rotated_view,IMG20250801082616.png,train
C:\Users\giant\Projects\pomelo-disease-classification\images\enhanced\borer\borer_large_hole\IMG20250801082643.png,borer,borer_large_hole,IMG20250801082643.png,val
C:\Users\giant\Projects\pomelo-disease-classification\images\enhanced\borer\borer_rotated_view\IMG20250801082710.png,borer,borer_rotated_view,IMG20250801082710.png,test
C:\Users\giant\Projects\pomelo-disease-classification\images\enhanced\borer\borer_multiple_holes\IMG20250801082714.png,borer,borer_multiple_holes,IMG20250801082714.png,train
C:\Users\giant\Projects\pomelo-disease-classification\images\enhanced\borer\borer_multiple_holes\IMG20250801082720.png,borer,borer_multiple_holes,IMG20250801082720.png,train
C:\Users\giant\Projects\pomelo-disease-classification\images\enhanced\healthy\healthy_pale\IMG20250801082818.png,healthy,healthy_pale,IMG20250801082818.png,train
C:\Users\giant\Projects\pomelo-disease-classification\images\enhanced\borer\borer_multiple_holes\IMG20250801082955.png,borer,borer_multiple_holes,IMG20250801082955.png,train
C:\Users\giant\Projects\pomelo-disease-classification\images\enhanced\borer\borer_multiple_holes\IMG20250801083005.png,borer,borer_multiple_holes,IMG20250801083005.png,train
C:\Users\giant\Projects\pomelo-disease-classification\images\enhanced\borer\borer_rotated_view\IMG20250801083016.png,borer,borer_rotated_view,IMG20250801083016.png,test
C:\Users\giant\Projects\pomelo-disease-classification\images\enhanced\mites\mites_front_patch\IMG20250801083026.png,mites,mites_front_patch,IMG20250801083026.png,test
C:\Users\giant\Projects\pomelo-disease-classification\images\enhanced\mites\mites_side_patch\IMG20250801083030.png,mites,mites_side_patch,IMG20250801083030.png,train
C:\Users\giant\Projects\pomelo-disease-classification\images\enhanced\melanose\melanose_medium\IMG20250801083159.png,melanose,melanose_medium,IMG20250801083159.png,train
C:\Users\giant\Projects\pomelo-disease-classification\images\enhanced\melanose\melanose_medium\IMG20250801083222.png,melanose,melanose_medium,IMG20250801083222.png,train
C:\Users\giant\Projects\pomelo-disease-classification\images\enhanced\melanose\melanose_medium\IMG20250801083227.png,melanose,melanose_medium,IMG20250801083227.png,train
C:\Users\giant\Projects\pomelo-disease-classification\images\enhanced\healthy\healthy_pale\IMG20250801083302.png,healthy,healthy_pale,IMG20250801083302.png,train
C:\Users\giant\Projects\pomelo-disease-classification\images\enhanced\blackspot\blackspot_medium\IMG20250801083317.png,blackspot,blackspot_medium,IMG20250801083317.png,train
C:\Users\giant\Projects\pomelo-disease-classification\images\enhanced\borer\borer_multiple_holes\IMG20250801083428.png,borer,borer_multiple_holes,IMG20250801083428.png,train
C:\Users\giant\Projects\pomelo-disease-classification\images\enhanced\borer\borer_multiple_holes\IMG20250801083432.png,borer,borer_multiple_holes,IMG20250801083432.png,train
C:\Users\giant\Projects\pomelo-disease-classification\images\enhanced\borer\borer_multiple_holes\IMG20250801083437.png,borer,borer_multiple_holes,IMG20250801083437.png,train
C:\Users\giant\Projects\pomelo-disease-classification\images\enhanced\anthracnose\anthrac_yellowing_skin\IMG20250801083457.png,anthracnose,anthrac_yellowing_skin,IMG20250801083457.png,val
C:\Users\giant\Projects\pomelo-disease-classification\images\enhanced\anthracnose\anthrac_yellowing_skin\IMG20250801083501.png,anthracnose,anthrac_yellowing_skin,IMG20250801083501.png,test
C:\Users\giant\Projects\pomelo-disease-classification\images\enhanced\anthracnose\anthrac_yellowing_skin\IMG20250801083505.png,anthracnose,anthrac_yellowing_skin,IMG20250801083505.png,train
C:\Users\giant\Projects\pomelo-disease-classification\images\enhanced\anthracnose\anthrac_black_lesion\IMG20250801083518.png,anthracnose,anthrac_black_lesion,IMG20250801083518.png,train
C:\Users\giant\Projects\pomelo-disease-classification\images\enhanced\borer\borer_multiple_holes\IMG20250801083554.png,borer,borer_multiple_holes,IMG20250801083554.png,train
C:\Users\giant\Projects\pomelo-disease-classification\images\enhanced\borer\borer_multiple_holes\IMG20250801083606.png,borer,borer_multiple_holes,IMG20250801083606.png,train
C:\Users\giant\Projects\pomelo-disease-classification\images\enhanced\borer\borer_multiple_holes\IMG20250801083610.png,borer,borer_multiple_holes,IMG20250801083610.png,train
C:\Users\giant\Projects\pomelo-disease-classification\images\enhanced\borer\borer_large_hole\IMG20250801083833.png,borer,borer_large_hole,IMG20250801083833.png,train
C:\Users\giant\Projects\pomelo-disease-classification\images\enhanced\borer\borer_large_hole\IMG20250801083849.png,borer,borer_large_hole,IMG20250801083849.png,train
C:\Users\giant\Projects\pomelo-disease-classification\images\enhanced\borer\borer_large_hole\IMG20250801083901.png,borer,borer_large_hole,IMG20250801083901.png,train
C:\Users\giant\Projects\pomelo-disease-classification\images\enhanced\blackspot\blackspot_small\IMG20250801084034.png,blackspot,blackspot_small,IMG20250801084034.png,train
C:\Users\giant\Projects\pomelo-disease-classification\images\enhanced\blackspot\blackspot_small\IMG20250801084042.png,blackspot,blackspot_small,IMG20250801084042.png,val
C:\Users\giant\Projects\pomelo-disease-classification\images\enhanced\blackspot\blackspot_small\IMG20250801084050.png,blackspot,blackspot_small,IMG20250801084050.png,val
C:\Users\giant\Projects\pomelo-disease-classification\images\enhanced\melanose\melanose_small\IMG20250801084114.png,melanose,melanose_small,IMG20250801084114.png,val
C:\Users\giant\Projects\pomelo-disease-classification\images\enhanced\borer\borer_multiple_holes\IMG20250801084419.png,borer,borer_multiple_holes,IMG20250801084419.png,train
C:\Users\giant\Projects\pomelo-disease-classification\images\enhanced\borer\borer_rotated_view\IMG20250801084423.png,borer,borer_rotated_view,IMG20250801084423.png,train
C:\Users\giant\Projects\pomelo-disease-classification\images\enhanced\borer\borer_rotated_view\IMG20250801084430.png,borer,borer_rotated_view,IMG20250801084430.png,train
C:\Users\giant\Projects\pomelo-disease-classification\images\enhanced\borer\borer_small_hole\IMG20250801084435.png,borer,borer_small_hole,IMG20250801084435.png,train
C:\Users\giant\Projects\pomelo-disease-classification\images\enhanced\borer\borer_multiple_holes\IMG20250801084519.png,borer,borer_multiple_holes,IMG20250801084519.png,train
C:\Users\giant\Projects\pomelo-disease-classification\images\enhanced\borer\borer_multiple_holes\IMG20250801084529.png,borer,borer_multiple_holes,IMG20250801084529.png,train
C:\Users\giant\Projects\pomelo-disease-classification\images\enhanced\blackspot\blackspot_small\IMG20250801084542.png,blackspot,blackspot_small,IMG20250801084542.png,train
C:\Users\giant\Projects\pomelo-disease-classification\images\enhanced\borer\borer_vertical_scar\IMG20250801084546.png,borer,borer_vertical_scar,IMG20250801084546.png,train
C:\Users\giant\Projects\pomelo-disease-classification\images\enhanced\blackspot\blackspot_small\IMG20250801084552.png,blackspot,blackspot_small,IMG20250801084552.png,train
C:\Users\giant\Projects\pomelo-disease-classification\images\enhanced\healthy\healthy_pale\IMG20250801084612.png,healthy,healthy_pale,IMG20250801084612.png,train
C:\Users\giant\Projects\pomelo-disease-classification\images\enhanced\mites\mites_front_patch\IMG20250801084630.png,mites,mites_front_patch,IMG20250801084630.png,test
C:\Users\giant\Projects\pomelo-disease-classification\images\enhanced\mites\mites_front_patch\IMG20250801084636.png,mites,mites_front_patch,IMG20250801084636.png,train
C:\Users\giant\Projects\pomelo-disease-classification\images\enhanced\mites\mites_front_patch\IMG20250801084642.png,mites,mites_front_patch,IMG20250801084642.png,train
C:\Users\giant\Projects\pomelo-disease-classification\images\enhanced\mites\mites_front_patch\IMG20250801084650.png,mites,mites_front_patch,IMG20250801084650.png,train
C:\Users\giant\Projects\pomelo-disease-classification\images\enhanced\mites\mites_side_patch\IMG20250801084654.png,mites,mites_side_patch,IMG20250801084654.png,train
C:\Users\giant\Projects\pomelo-disease-classification\images\enhanced\mites\mites_side_patch\IMG20250801084700.png,mites,mites_side_patch,IMG20250801084700.png,train
C:\Users\giant\Projects\pomelo-disease-classification\images\enhanced\mites\mites_front_patch\IMG20250801084732.png,mites,mites_front_patch,IMG20250801084732.png,train
C:\Users\giant\Projects\pomelo-disease-classification\images\enhanced\mites\mites_front_patch\IMG20250801084743.png,mites,mites_front_patch,IMG20250801084743.png,val
C:\Users\giant\Projects\pomelo-disease-classification\images\enhanced\blackspot\blackspot_small\IMG20250801084757.png,blackspot,blackspot_small,IMG20250801084757.png,val
C:\Users\giant\Projects\pomelo-disease-classification\images\enhanced\blackspot\blackspot_medium\IMG20250801084801.png,blackspot,blackspot_medium,IMG20250801084801.png,train
C:\Users\giant\Projects\pomelo-disease-classification\images\enhanced\blackspot\blackspot_medium\IMG20250801084808.png,blackspot,blackspot_medium,IMG20250801084808.png,train
C:\Users\giant\Projects\pomelo-disease-classification\images\enhanced\blackspot\blackspot_medium\IMG20250801084831.png,blackspot,blackspot_medium,IMG20250801084831.png,train
C:\Users\giant\Projects\pomelo-disease-classification\images\enhanced\blackspot\blackspot_medium\IMG20250801084848.png,blackspot,blackspot_medium,IMG20250801084848.png,train
C:\Users\giant\Projects\pomelo-disease-classification\images\enhanced\blackspot\blackspot_medium\IMG20250801084852.png,blackspot,blackspot_medium,IMG20250801084852.png,val
C:\Users\giant\Projects\pomelo-disease-classification\images\enhanced\blackspot\blackspot_medium\IMG20250801084906.png,blackspot,blackspot_medium,IMG20250801084906.png,test
C:\Users\giant\Projects\pomelo-disease-classification\images\enhanced\blackspot\blackspot_medium\IMG20250801084911.png,blackspot,blackspot_medium,IMG20250801084911.png,train
C:\Users\giant\Projects\pomelo-disease-classification\images\enhanced\healthy\healthy_pale\IMG20250801084928.png,healthy,healthy_pale,IMG20250801084928.png,train
C:\Users\giant\Projects\pomelo-disease-classification\images\enhanced\melanose\melanose_early\IMG20250801084937.png,melanose,melanose_early,IMG20250801084937.png,val
C:\Users\giant\Projects\pomelo-disease-classification\images\enhanced\blackspot\blackspot_small\IMG20250801084948.png,blackspot,blackspot_small,IMG20250801084948.png,train
C:\Users\giant\Projects\pomelo-disease-classification\images\enhanced\blackspot\blackspot_medium\IMG20250801084954.png,blackspot,blackspot_medium,IMG20250801084954.png,train
C:\Users\giant\Projects\pomelo-disease-classification\images\enhanced\blackspot\blackspot_medium\IMG20250801085011.png,blackspot,blackspot_medium,IMG20250801085011.png,train
C:\Users\giant\Projects\pomelo-disease-classification\images\enhanced\blackspot\blackspot_medium\IMG20250801085016.png,blackspot,blackspot_medium,IMG20250801085016.png,train
C:\Users\giant\Projects\pomelo-disease-classification\images\enhanced\blackspot\blackspot_medium\IMG20250801085030.png,blackspot,blackspot_medium,IMG20250801085030.png,train
C:\Users\giant\Projects\pomelo-disease-classification\images\enhanced\blackspot\blackspot_small\IMG20250801085040.png,blackspot,blackspot_small,IMG20250801085040.png,train
C:\Users\giant\Projects\pomelo-disease-classification\images\enhanced\melanose\melanose_small\IMG20250801085047.png,melanose,melanose_small,IMG20250801085047.png,val
C:\Users\giant\Projects\pomelo-disease-classification\images\enhanced\healthy\healthy_pale\IMG20250801085658.png,healthy,healthy_pale,IMG20250801085658.png,train
C:\Users\giant\Projects\pomelo-disease-classification\images\enhanced\blackspot\blackspot_small\IMG20250801085703.png,blackspot,blackspot_small,IMG20250801085703.png,test
C:\Users\giant\Projects\pomelo-disease-classification\images\enhanced\blackspot\blackspot_small\IMG20250801085716.png,blackspot,blackspot_small,IMG20250801085716.png,val
C:\Users\giant\Projects\pomelo-disease-classification\images\enhanced\melanose\melanose_small\IMG20250801085719.png,melanose,melanose_small,IMG20250801085719.png,train
C:\Users\giant\Projects\pomelo-disease-classification\images\enhanced\blackspot\blackspot_small\IMG20250801085724.png,blackspot,blackspot_small,IMG20250801085724.png,train
C:\Users\giant\Projects\pomelo-disease-classification\images\enhanced\melanose\melanose_medium\IMG20250801085757.png,melanose,melanose_medium,IMG20250801085757.png,train
C:\Users\giant\Projects\pomelo-disease-classification\images\enhanced\melanose\melanose_medium\IMG20250801085800.png,melanose,melanose_medium,IMG20250801085800.png,train
C:\Users\giant\Projects\pomelo-disease-classification\images\enhanced\melanose\melanose_medium\IMG20250801085814.png,melanose,melanose_medium,IMG20250801085814.png,test
C:\Users\giant\Projects\pomelo-disease-classification\images\enhanced\blackspot\blackspot_small\IMG20250801085823.png,blackspot,blackspot_small,IMG20250801085823.png,train
C:\Users\giant\Projects\pomelo-disease-classification\images\enhanced\blackspot\blackspot_small\IMG20250801085830.png,blackspot,blackspot_small,IMG20250801085830.png,val
C:\Users\giant\Projects\pomelo-disease-classification\images\enhanced\melanose\melanose_small\IMG20250801085841.png,melanose,melanose_small,IMG20250801085841.png,train
C:\Users\giant\Projects\pomelo-disease-classification\images\enhanced\blackspot\blackspot_small\IMG20250801085849.png,blackspot,blackspot_small,IMG20250801085849.png,train
C:\Users\giant\Projects\pomelo-disease-classification\images\enhanced\melanose\melanose_medium\IMG20250801085858.png,melanose,melanose_medium,IMG20250801085858.png,train
C:\Users\giant\Projects\pomelo-disease-classification\images\enhanced\melanose\melanose_medium\IMG20250801085900.png,melanose,melanose_medium,IMG20250801085900.png,train
C:\Users\giant\Projects\pomelo-disease-classification\images\enhanced\melanose\melanose_medium\IMG20250801085907.png,melanose,melanose_medium,IMG20250801085907.png,train
C:\Users\giant\Projects\pomelo-disease-classification\images\enhanced\melanose\melanose_medium\IMG20250801085915.png,melanose,melanose_medium,IMG20250801085915.png,train
C:\Users\giant\Projects\pomelo-disease-classification\images\enhanced\melanose\melanose_medium\IMG20250801085931.png,melanose,melanose_medium,IMG20250801085931.png,train
C:\Users\giant\Projects\pomelo-disease-classification\images\enhanced\melanose\melanose_medium\IMG20250801085936.png,melanose,melanose_medium,IMG20250801085936.png,train
C:\Users\giant\Projects\pomelo-disease-classification\images\enhanced\melanose\melanose_medium\IMG20250801085949.png,melanose,melanose_medium,IMG20250801085949.png,train
C:\Users\giant\Projects\pomelo-disease-classification\images\enhanced\healthy\healthy_pale\IMG20250801090016.png,healthy,healthy_pale,IMG20250801090016.png,train
C:\Users\giant\Projects\pomelo-disease-classification\images\enhanced\anthracnose\anthrac_black_lesion\IMG20250801090019.png,anthracnose,anthrac_black_lesion,IMG20250801090019.png,val
C:\Users\giant\Projects\pomelo-disease-classification\images\enhanced\blackspot\blackspot_medium\IMG20250801090029.png,blackspot,blackspot_medium,IMG20250801090029.png,train
C:\Users\giant\Projects\pomelo-disease-classification\images\enhanced\healthy\healthy_pale\IMG20250801090035.png,healthy,healthy_pale,IMG20250801090035.png,test
C:\Users\giant\Projects\pomelo-disease-classification\images\enhanced\melanose\melanose_early\IMG20250801090038.png,melanose,melanose_early,IMG20250801090038.png,test
C:\Users\giant\Projects\pomelo-disease-classification\images\enhanced\melanose\melanose_medium\IMG20250801090202.png,melanose,melanose_medium,IMG20250801090202.png,train
C:\Users\giant\Projects\pomelo-disease-classification\images\enhanced\healthy\healthy_pale\IMG20250801090235.png,healthy,healthy_pale,IMG20250801090235.png,test
C:\Users\giant\Projects\pomelo-disease-classification\images\enhanced\healthy\healthy_pale\IMG20250801090243.png,healthy,healthy_pale,IMG20250801090243.png,val
C:\Users\giant\Projects\pomelo-disease-classification\images\enhanced\healthy\healthy_pale\IMG20250801090246.png,healthy,healthy_pale,IMG20250801090246.png,train
C:\Users\giant\Projects\pomelo-disease-classification\images\enhanced\borer\borer_multiple_holes\IMG20250801090452.png,borer,borer_multiple_holes,IMG20250801090452.png,train
C:\Users\giant\Projects\pomelo-disease-classification\images\enhanced\borer\borer_multiple_holes\IMG20250801090506.png,borer,borer_multiple_holes,IMG20250801090506.png,val
C:\Users\giant\Projects\pomelo-disease-classification\images\enhanced\borer\borer_multiple_holes\IMG20250801090518.png,borer,borer_multiple_holes,IMG20250801090518.png,train
C:\Users\giant\Projects\pomelo-disease-classification\images\enhanced\borer\borer_multiple_holes\IMG20250801090834.png,borer,borer_multiple_holes,IMG20250801090834.png,val
C:\Users\giant\Projects\pomelo-disease-classification\images\enhanced\borer\borer_multiple_holes\IMG20250801090842.png,borer,borer_multiple_holes,IMG20250801090842.png,train
C:\Users\giant\Projects\pomelo-disease-classification\images\enhanced\borer\borer_large_hole\IMG20250801090849.png,borer,borer_large_hole,IMG20250801090849.png,train
C:\Users\giant\Projects\pomelo-disease-classification\images\enhanced\borer\borer_vertical_scar\IMG20250801090928.png,borer,borer_vertical_scar,IMG20250801090928.png,train
C:\Users\giant\Projects\pomelo-disease-classification\images\enhanced\melanose\melanose_medium\IMG20250801090943.png,melanose,melanose_medium,IMG20250801090943.png,train
C:\Users\giant\Projects\pomelo-disease-classification\images\enhanced\healthy\healthy_pale\IMG20250801090954.png,healthy,healthy_pale,IMG20250801090954.png,train
C:\Users\giant\Projects\pomelo-disease-classification\images\enhanced\melanose\melanose_small\IMG20250801091002.png,melanose,melanose_small,IMG20250801091002.png,train
C:\Users\giant\Projects\pomelo-disease-classification\images\enhanced\blackspot\blackspot_small\IMG20250801091010.png,blackspot,blackspot_small,IMG20250801091010.png,test
C:\Users\giant\Projects\pomelo-disease-classification\images\enhanced\blackspot\blackspot_small\IMG20250801091028.png,blackspot,blackspot_small,IMG20250801091028.png,test
C:\Users\giant\Projects\pomelo-disease-classification\images\enhanced\borer\borer_vertical_scar\IMG20250801091039.png,borer,borer_vertical_scar,IMG20250801091039.png,train
C:\Users\giant\Projects\pomelo-disease-classification\images\enhanced\blackspot\blackspot_medium\IMG20250801091103.png,blackspot,blackspot_medium,IMG20250801091103.png,train
C:\Users\giant\Projects\pomelo-disease-classification\images\enhanced\melanose\melanose_small\IMG20250801091131.png,melanose,melanose_small,IMG20250801091131.png,test
C:\Users\giant\Projects\pomelo-disease-classification\images\enhanced\melanose\melanose_small\IMG20250801091156.png,melanose,melanose_small,IMG20250801091156.png,train
C:\Users\giant\Projects\pomelo-disease-classification\images\enhanced\borer\borer_large_hole\IMG20250801091301.png,borer,borer_large_hole,IMG20250801091301.png,train
C:\Users\giant\Projects\pomelo-disease-classification\images\enhanced\borer\borer_multiple_holes\IMG20250801091308.png,borer,borer_multiple_holes,IMG20250801091308.png,train
C:\Users\giant\Projects\pomelo-disease-classification\images\enhanced\borer\borer_rotated_view\IMG20250801091351.png,borer,borer_rotated_view,IMG20250801091351.png,train
C:\Users\giant\Projects\pomelo-disease-classification\images\enhanced\borer\borer_small_hole\IMG20250801091402.png,borer,borer_small_hole,IMG20250801091402.png,val
C:\Users\giant\Projects\pomelo-disease-classification\images\enhanced\borer\borer_small_hole\IMG20250801091431.png,borer,borer_small_hole,IMG20250801091431.png,test
C:\Users\giant\Projects\pomelo-disease-classification\images\enhanced\borer\borer_large_hole\IMG20250801091543.png,borer,borer_large_hole,IMG20250801091543.png,train
C:\Users\giant\Projects\pomelo-disease-classification\images\enhanced\borer\borer_multiple_holes\IMG20250801091552.png,borer,borer_multiple_holes,IMG20250801091552.png,train
C:\Users\giant\Projects\pomelo-disease-classification\images\enhanced\borer\borer_large_hole\IMG20250801091635.png,borer,borer_large_hole,IMG20250801091635.png,train
C:\Users\giant\Projects\pomelo-disease-classification\images\enhanced\borer\borer_large_hole\IMG20250801091645.png,borer,borer_large_hole,IMG20250801091645.png,train
C:\Users\giant\Projects\pomelo-disease-classification\images\enhanced\borer\borer_large_hole\IMG20250801091928.png,borer,borer_large_hole,IMG20250801091928.png,test
C:\Users\giant\Projects\pomelo-disease-classification\images\enhanced\borer\borer_multiple_holes\IMG20250801091941.png,borer,borer_multiple_holes,IMG20250801091941.png,train
C:\Users\giant\Projects\pomelo-disease-classification\images\enhanced\borer\borer_multiple_holes\IMG20250801091947.png,borer,borer_multiple_holes,IMG20250801091947.png,train
C:\Users\giant\Projects\pomelo-disease-classification\images\enhanced\melanose\melanose_medium\IMG20250801092008.png,melanose,melanose_medium,IMG20250801092008.png,val
C:\Users\giant\Projects\pomelo-disease-classification\images\enhanced\blackspot\blackspot_medium\IMG20250801092655.png,blackspot,blackspot_medium,IMG20250801092655.png,train
C:\Users\giant\Projects\pomelo-disease-classification\images\enhanced\blackspot\blackspot_small\IMG20250801092716.png,blackspot,blackspot_small,IMG20250801092716.png,train
C:\Users\giant\Projects\pomelo-disease-classification\images\enhanced\blackspot\blackspot_small\IMG20250801092737.png,blackspot,blackspot_small,IMG20250801092737.png,train
C:\Users\giant\Projects\pomelo-disease-classification\images\enhanced\healthy\healthy_pale\IMG20250801092740.png,healthy,healthy_pale,IMG20250801092740.png,val
C:\Users\giant\Projects\pomelo-disease-classification\images\enhanced\melanose\melanose_medium\IMG20250801092824.png,melanose,melanose_medium,IMG20250801092824.png,train
C:\Users\giant\Projects\pomelo-disease-classification\images\enhanced\blackspot\blackspot_small\IMG20250801092827.png,blackspot,blackspot_small,IMG20250801092827.png,train
C:\Users\giant\Projects\pomelo-disease-classification\images\enhanced\blackspot\blackspot_small\IMG20250801092830.png,blackspot,blackspot_small,IMG20250801092830.png,train
C:\Users\giant\Projects\pomelo-disease-classification\images\enhanced\healthy\healthy_yellowish\IMG20250801092838.png,healthy,healthy_yellowish,IMG20250801092838.png,train
C:\Users\giant\Projects\pomelo-disease-classification\images\enhanced\blackspot\blackspot_small\IMG20250801092857.png,blackspot,blackspot_small,IMG20250801092857.png,train
C:\Users\giant\Projects\pomelo-disease-classification\images\enhanced\melanose\melanose_medium\IMG20250801092913.png,melanose,melanose_medium,IMG20250801092913.png,train
C:\Users\giant\Projects\pomelo-disease-classification\images\enhanced\melanose\melanose_medium\IMG20250801092934.png,melanose,melanose_medium,IMG20250801092934.png,train
C:\Users\giant\Projects\pomelo-disease-classification\images\enhanced\melanose\melanose_small\IMG20250801092950.png,melanose,melanose_small,IMG20250801092950.png,train
C:\Users\giant\Projects\pomelo-disease-classification\images\enhanced\melanose\melanose_small\IMG20250801092958.png,melanose,melanose_small,IMG20250801092958.png,val
C:\Users\giant\Projects\pomelo-disease-classification\images\enhanced\blackspot\blackspot_medium\IMG20250801093046.png,blackspot,blackspot_medium,IMG20250801093046.png,train
C:\Users\giant\Projects\pomelo-disease-classification\images\enhanced\blackspot\blackspot_medium\IMG20250801093052.png,blackspot,blackspot_medium,IMG20250801093052.png,train
C:\Users\giant\Projects\pomelo-disease-classification\images\enhanced\blackspot\blackspot_small\IMG20250801093056.png,blackspot,blackspot_small,IMG20250801093056.png,train
C:\Users\giant\Projects\pomelo-disease-classification\images\enhanced\blackspot\blackspot_medium\IMG20250801093100.png,blackspot,blackspot_medium,IMG20250801093100.png,val
C:\Users\giant\Projects\pomelo-disease-classification\images\enhanced\borer\borer_multiple_holes\IMG20250801093347.png,borer,borer_multiple_holes,IMG20250801093347.png,train
C:\Users\giant\Projects\pomelo-disease-classification\images\enhanced\borer\borer_multiple_holes\IMG20250801093353.png,borer,borer_multiple_holes,IMG20250801093353.png,train
C:\Users\giant\Projects\pomelo-disease-classification\images\enhanced\borer\borer_multiple_holes\IMG20250801093430.png,borer,borer_multiple_holes,IMG20250801093430.png,train
C:\Users\giant\Projects\pomelo-disease-classification\images\enhanced\borer\borer_rotated_view\IMG20250801093439.png,borer,borer_rotated_view,IMG20250801093439.png,train
C:\Users\giant\Projects\pomelo-disease-classification\images\enhanced\mites\mites_browned_skin\IMG20250801093445.png,mites,mites_browned_skin,IMG20250801093445.png,train
C:\Users\giant\Projects\pomelo-disease-classification\images\enhanced\borer\borer_rotated_view\IMG20250801093458.png,borer,borer_rotated_view,IMG20250801093458.png,train
C:\Users\giant\Projects\pomelo-disease-classification\images\enhanced\mites\mites_browned_skin\IMG20250801093539.png,mites,mites_browned_skin,IMG20250801093539.png,train
C:\Users\giant\Projects\pomelo-disease-classification\images\enhanced\blackspot\blackspot_medium\IMG20250801093957.png,blackspot,blackspot_medium,IMG20250801093957.png,train
C:\Users\giant\Projects\pomelo-disease-classification\images\enhanced\blackspot\blackspot_medium\IMG20250801094001.png,blackspot,blackspot_medium,IMG20250801094001.png,train
C:\Users\giant\Projects\pomelo-disease-classification\images\enhanced\melanose\melanose_small\IMG20250801094112.png,melanose,melanose_small,IMG20250801094112.png,val
C:\Users\giant\Projects\pomelo-disease-classification\images\enhanced\healthy\healthy_pale\IMG20250801094118.png,healthy,healthy_pale,IMG20250801094118.png,train
C:\Users\giant\Projects\pomelo-disease-classification\images\enhanced\healthy\healthy_pale\IMG20250801094124.png,healthy,healthy_pale,IMG20250801094124.png,train
C:\Users\giant\Projects\pomelo-disease-classification\images\enhanced\healthy\healthy_pale\IMG20250801094139.png,healthy,healthy_pale,IMG20250801094139.png,train
C:\Users\giant\Projects\pomelo-disease-classification\images\enhanced\borer\borer_multiple_holes\IMG20250801094839.png,borer,borer_multiple_holes,IMG20250801094839.png,train
C:\Users\giant\Projects\pomelo-disease-classification\images\enhanced\borer\borer_multiple_holes\IMG20250801094844.png,borer,borer_multiple_holes,IMG20250801094844.png,train
C:\Users\giant\Projects\pomelo-disease-classification\images\enhanced\mites\mites_browned_skin\IMG20250801094852.png,mites,mites_browned_skin,IMG20250801094852.png,train
C:\Users\giant\Projects\pomelo-disease-classification\images\enhanced\anthracnose\anthrac_black_lesion\IMG20250801094948.png,anthracnose,anthrac_black_lesion,IMG20250801094948.png,train
C:\Users\giant\Projects\pomelo-disease-classification\images\enhanced\melanose\melanose_medium\IMG20250801095030.png,melanose,melanose_medium,IMG20250801095030.png,val
C:\Users\giant\Projects\pomelo-disease-classification\images\enhanced\melanose\melanose_small\IMG20250801095044.png,melanose,melanose_small,IMG20250801095044.png,val
C:\Users\giant\Projects\pomelo-disease-classification\images\enhanced\blackspot\blackspot_medium\IMG20250801095120.png,blackspot,blackspot_medium,IMG20250801095120.png,train
C:\Users\giant\Projects\pomelo-disease-classification\images\enhanced\melanose\melanose_medium\IMG20250801095153.png,melanose,melanose_medium,IMG20250801095153.png,train
C:\Users\giant\Projects\pomelo-disease-classification\images\enhanced\blackspot\blackspot_small\IMG20250801095204.png,blackspot,blackspot_small,IMG20250801095204.png,train
C:\Users\giant\Projects\pomelo-disease-classification\images\enhanced\blackspot\blackspot_small\IMG20250801095207.png,blackspot,blackspot_small,IMG20250801095207.png,train
C:\Users\giant\Projects\pomelo-disease-classification\images\enhanced\anthracnose\anthrac_black_lesion\IMG20250801095231.png,anthracnose,anthrac_black_lesion,IMG20250801095231.png,train
C:\Users\giant\Projects\pomelo-disease-classification\images\enhanced\melanose\melanose_small\IMG20250801095237.png,melanose,melanose_small,IMG20250801095237.png,test
C:\Users\giant\Projects\pomelo-disease-classification\images\enhanced\melanose\melanose_small\IMG20250801095259.png,melanose,melanose_small,IMG20250801095259.png,train
C:\Users\giant\Projects\pomelo-disease-classification\images\enhanced\melanose\melanose_small\IMG20250801095307.png,melanose,melanose_small,IMG20250801095307.png,val
C:\Users\giant\Projects\pomelo-disease-classification\images\enhanced\anthracnose\anthrac_black_lesion\IMG20250801095326.png,anthracnose,anthrac_black_lesion,IMG20250801095326.png,test
C:\Users\giant\Projects\pomelo-disease-classification\images\enhanced\melanose\melanose_medium\IMG20250801095342.png,melanose,melanose_medium,IMG20250801095342.png,test
C:\Users\giant\Projects\pomelo-disease-classification\images\enhanced\melanose\melanose_small\IMG20250801095405.png,melanose,melanose_small,IMG20250801095405.png,train
C:\Users\giant\Projects\pomelo-disease-classification\images\enhanced\blackspot\blackspot_small\IMG20250801095445.png,blackspot,blackspot_small,IMG20250801095445.png,train
C:\Users\giant\Projects\pomelo-disease-classification\images\enhanced\blackspot\blackspot_medium\IMG20250801095521.png,blackspot,blackspot_medium,IMG20250801095521.png,train
C:\Users\giant\Projects\pomelo-disease-classification\images\enhanced\blackspot\blackspot_medium\IMG20250801095528.png,blackspot,blackspot_medium,IMG20250801095528.png,val
C:\Users\giant\Projects\pomelo-disease-classification\images\enhanced\melanose\melanose_small\IMG20250801095546.png,melanose,melanose_small,IMG20250801095546.png,train
C:\Users\giant\Projects\pomelo-disease-classification\images\enhanced\blackspot\blackspot_medium\IMG20250801095559.png,blackspot,blackspot_medium,IMG20250801095559.png,train
C:\Users\giant\Projects\pomelo-disease-classification\images\enhanced\blackspot\blackspot_medium\IMG20250801095602.png,blackspot,blackspot_medium,IMG20250801095602.png,train
C:\Users\giant\Projects\pomelo-disease-classification\images\enhanced\blackspot\blackspot_medium\IMG20250801095606.png,blackspot,blackspot_medium,IMG20250801095606.png,train
C:\Users\giant\Projects\pomelo-disease-classification\images\enhanced\blackspot\blackspot_medium\IMG20250801095612.png,blackspot,blackspot_medium,IMG20250801095612.png,val
C:\Users\giant\Projects\pomelo-disease-classification\images\enhanced\melanose\melanose_medium\IMG20250801095627.png,melanose,melanose_medium,IMG20250801095627.png,train
C:\Users\giant\Projects\pomelo-disease-classification\images\enhanced\melanose\melanose_medium\IMG20250801095633.png,melanose,melanose_medium,IMG20250801095633.png,train
C:\Users\giant\Projects\pomelo-disease-classification\images\enhanced\blackspot\blackspot_medium\IMG20250801095639.png,blackspot,blackspot_medium,IMG20250801095639.png,train
C:\Users\giant\Projects\pomelo-disease-classification\images\enhanced\melanose\melanose_small\IMG20250801095839.png,melanose,melanose_small,IMG20250801095839.png,train
C:\Users\giant\Projects\pomelo-disease-classification\images\enhanced\blackspot\blackspot_small\IMG20250801095843.png,blackspot,blackspot_small,IMG20250801095843.png,val
C:\Users\giant\Projects\pomelo-disease-classification\images\enhanced\healthy\healthy_pale\IMG20250801095847.png,healthy,healthy_pale,IMG20250801095847.png,val
C:\Users\giant\Projects\pomelo-disease-classification\images\enhanced\anthracnose\anthrac_black_lesion\IMG20250801095903.png,anthracnose,anthrac_black_lesion,IMG20250801095903.png,train
C:\Users\giant\Projects\pomelo-disease-classification\images\enhanced\melanose\melanose_small\IMG20250801095914.png,melanose,melanose_small,IMG20250801095914.png,train
C:\Users\giant\Projects\pomelo-disease-classification\images\enhanced\blackspot\blackspot_small\IMG20250801095941.png,blackspot,blackspot_small,IMG20250801095941.png,train
C:\Users\giant\Projects\pomelo-disease-classification\images\enhanced\blackspot\blackspot_small\IMG20250801095945.png,blackspot,blackspot_small,IMG20250801095945.png,test
C:\Users\giant\Projects\pomelo-disease-classification\images\enhanced\blackspot\blackspot_small\IMG20250801095952.png,blackspot,blackspot_small,IMG20250801095952.png,train
C:\Users\giant\Projects\pomelo-disease-classification\images\enhanced\anthracnose\anthrac_yellowing_skin\IMG20250801100041.png,anthracnose,anthrac_yellowing_skin,IMG20250801100041.png,train
C:\Users\giant\Projects\pomelo-disease-classification\images\enhanced\anthracnose\anthrac_black_lesion\IMG20250801100045.png,anthracnose,anthrac_black_lesion,IMG20250801100045.png,train
C:\Users\giant\Projects\pomelo-disease-classification\images\enhanced\borer\borer_large_hole\IMG20250801100252.png,borer,borer_large_hole,IMG20250801100252.png,test
C:\Users\giant\Projects\pomelo-disease-classification\images\enhanced\borer\borer_rotated_view\IMG20250801100303.png,borer,borer_rotated_view,IMG20250801100303.png,train
C:\Users\giant\Projects\pomelo-disease-classification\images\enhanced\borer\borer_rotated_view\IMG20250801100333.png,borer,borer_rotated_view,IMG20250801100333.png,val
C:\Users\giant\Projects\pomelo-disease-classification\images\enhanced\borer\borer_multiple_holes\IMG20250801101101.png,borer,borer_multiple_holes,IMG20250801101101.png,train
C:\Users\giant\Projects\pomelo-disease-classification\images\enhanced\borer\borer_multiple_holes\IMG20250801101108.png,borer,borer_multiple_holes,IMG20250801101108.png,val
C:\Users\giant\Projects\pomelo-disease-classification\images\enhanced\borer\borer_multiple_holes\IMG20250801101112.png,borer,borer_multiple_holes,IMG20250801101112.png,train
C:\Users\giant\Projects\pomelo-disease-classification\images\enhanced\borer\borer_vertical_scar\IMG20250801101127.png,borer,borer_vertical_scar,IMG20250801101127.png,test
C:\Users\giant\Projects\pomelo-disease-classification\images\enhanced\blackspot\blackspot_medium\IMG20250801101146.png,blackspot,blackspot_medium,IMG20250801101146.png,train
C:\Users\giant\Projects\pomelo-disease-classification\images\enhanced\healthy\healthy_pale\IMG20250801101200.png,healthy,healthy_pale,IMG20250801101200.png,train
C:\Users\giant\Projects\pomelo-disease-classification\images\enhanced\blackspot\blackspot_medium\IMG20250801101230.png,blackspot,blackspot_medium,IMG20250801101230.png,val
C:\Users\giant\Projects\pomelo-disease-classification\images\enhanced\blackspot\blackspot_medium\IMG20250801101313.png,blackspot,blackspot_medium,IMG20250801101313.png,train
C:\Users\giant\Projects\pomelo-disease-classification\images\enhanced\blackspot\blackspot_medium\IMG20250801101320.png,blackspot,blackspot_medium,IMG20250801101320.png,train
C:\Users\giant\Projects\pomelo-disease-classification\images\enhanced\melanose\melanose_small\IMG20250801101446.png,melanose,melanose_small,IMG20250801101446.png,train
C:\Users\giant\Projects\pomelo-disease-classification\images\enhanced\melanose\melanose_medium\IMG20250801101602.png,melanose,melanose_medium,IMG20250801101602.png,train
C:\Users\giant\Projects\pomelo-disease-classification\images\enhanced\melanose\melanose_medium\IMG20250801101607.png,melanose,melanose_medium,IMG20250801101607.png,train
C:\Users\giant\Projects\pomelo-disease-classification\images\enhanced\mites\mites_browned_skin\IMG20250801101636.png,mites,mites_browned_skin,IMG20250801101636.png,train
C:\Users\giant\Projects\pomelo-disease-classification\images\enhanced\melanose\melanose_medium\IMG20250801101804.png,melanose,melanose_medium,IMG20250801101804.png,val
C:\Users\giant\Projects\pomelo-disease-classification\images\enhanced\mites\mites_front_patch\IMG20250801102041.png,mites,mites_front_patch,IMG20250801102041.png,train
C:\Users\giant\Projects\pomelo-disease-classification\images\enhanced\mites\mites_side_patch\IMG20250801102049.png,mites,mites_side_patch,IMG20250801102049.png,val
C:\Users\giant\Projects\pomelo-disease-classification\images\enhanced\borer\borer_large_hole\IMG20250801102213.png,borer,borer_large_hole,IMG20250801102213.png,train
C:\Users\giant\Projects\pomelo-disease-classification\images\enhanced\borer\borer_multiple_holes\IMG20250801102220.png,borer,borer_multiple_holes,IMG20250801102220.png,val
C:\Users\giant\Projects\pomelo-disease-classification\images\enhanced\borer\borer_large_hole\IMG20250801102310.png,borer,borer_large_hole,IMG20250801102310.png,val
C:\Users\giant\Projects\pomelo-disease-classification\images\enhanced\borer\borer_multiple_holes\IMG20250801102316.png,borer,borer_multiple_holes,IMG20250801102316.png,train
C:\Users\giant\Projects\pomelo-disease-classification\images\enhanced\mites\mites_front_patch\IMG20250801102615.png,mites,mites_front_patch,IMG20250801102615.png,test
C:\Users\giant\Projects\pomelo-disease-classification\images\enhanced\mites\mites_side_patch\IMG20250801102619.png,mites,mites_side_patch,IMG20250801102619.png,train
C:\Users\giant\Projects\pomelo-disease-classification\images\enhanced\borer\borer_rotated_view\IMG20250801102630.png,borer,borer_rotated_view,IMG20250801102630.png,val
C:\Users\giant\Projects\pomelo-disease-classification\images\enhanced\mites\mites_side_patch\IMG20250801102636.png,mites,mites_side_patch,IMG20250801102636.png,test
C:\Users\giant\Projects\pomelo-disease-classification\images\enhanced\borer\borer_rotated_view\IMG20250801102643.png,borer,borer_rotated_view,IMG20250801102643.png,train
C:\Users\giant\Projects\pomelo-disease-classification\images\enhanced\mites\mites_front_patch\IMG20250801102900.png,mites,mites_front_patch,IMG20250801102900.png,train
C:\Users\giant\Projects\pomelo-disease-classification\images\enhanced\mites\mites_front_patch\IMG20250801102905.png,mites,mites_front_patch,IMG20250801102905.png,train
C:\Users\giant\Projects\pomelo-disease-classification\images\enhanced\mites\mites_front_patch\IMG20250801102917.png,mites,mites_front_patch,IMG20250801102917.png,val
C:\Users\giant\Projects\pomelo-disease-classification\images\enhanced\mites\mites_side_patch\IMG20250801102922.png,mites,mites_side_patch,IMG20250801102922.png,val
C:\Users\giant\Projects\pomelo-disease-classification\images\enhanced\mites\mites_front_patch\IMG20250801102934.png,mites,mites_front_patch,IMG20250801102934.png,val
C:\Users\giant\Projects\pomelo-disease-classification\images\enhanced\mites\mites_side_patch\IMG20250801102953.png,mites,mites_side_patch,IMG20250801102953.png,train
C:\Users\giant\Projects\pomelo-disease-classification\images\enhanced\mites\mites_side_patch\IMG20250801103000.png,mites,mites_side_patch,IMG20250801103000.png,train
C:\Users\giant\Projects\pomelo-disease-classification\images\enhanced\blackspot\blackspot_medium\IMG20250801103030.png,blackspot,blackspot_medium,IMG20250801103030.png,test
C:\Users\giant\Projects\pomelo-disease-classification\images\enhanced\blackspot\blackspot_medium\IMG20250801103118.png,blackspot,blackspot_medium,IMG20250801103118.png,val
C:\Users\giant\Projects\pomelo-disease-classification\images\enhanced\melanose\melanose_small\IMG20250801103149.png,melanose,melanose_small,IMG20250801103149.png,train
C:\Users\giant\Projects\pomelo-disease-classification\images\enhanced\blackspot\blackspot_small\IMG20250801103202.png,blackspot,blackspot_small,IMG20250801103202.png,train
C:\Users\giant\Projects\pomelo-disease-classification\images\enhanced\blackspot\blackspot_small\IMG20250801103248.png,blackspot,blackspot_small,IMG20250801103248.png,train
C:\Users\giant\Projects\pomelo-disease-classification\images\enhanced\healthy\healthy_pale\IMG20250801103254.png,healthy,healthy_pale,IMG20250801103254.png,train
C:\Users\giant\Projects\pomelo-disease-classification\images\enhanced\melanose\melanose_small\IMG20250801103259.png,melanose,melanose_small,IMG20250801103259.png,train
C:\Users\giant\Projects\pomelo-disease-classification\images\enhanced\healthy\healthy_green\IMG20250801103313.png,healthy,healthy_green,IMG20250801103313.png,train
C:\Users\giant\Projects\pomelo-disease-classification\images\enhanced\healthy\healthy_pale\IMG20250801103432.png,healthy,healthy_pale,IMG20250801103432.png,train
C:\Users\giant\Projects\pomelo-disease-classification\images\enhanced\blackspot\blackspot_small\IMG20250801103437.png,blackspot,blackspot_small,IMG20250801103437.png,train
C:\Users\giant\Projects\pomelo-disease-classification\images\enhanced\blackspot\blackspot_small\IMG20250801103447.png,blackspot,blackspot_small,IMG20250801103447.png,test
C:\Users\giant\Projects\pomelo-disease-classification\images\enhanced\blackspot\blackspot_small\IMG20250801103452.png,blackspot,blackspot_small,IMG20250801103452.png,train
C:\Users\giant\Projects\pomelo-disease-classification\images\enhanced\healthy\healthy_pale\IMG20250801103535.png,healthy,healthy_pale,IMG20250801103535.png,test
C:\Users\giant\Projects\pomelo-disease-classification\images\enhanced\melanose\melanose_early\IMG20250801103540.png,melanose,melanose_early,IMG20250801103540.png,train
C:\Users\giant\Projects\pomelo-disease-classification\images\enhanced\anthracnose\anthrac_yellowing_skin\IMG20250801103657.png,anthracnose,anthrac_yellowing_skin,IMG20250801103657.png,train
C:\Users\giant\Projects\pomelo-disease-classification\images\enhanced\anthracnose\anthrac_yellowing_skin\IMG20250801103726.png,anthracnose,anthrac_yellowing_skin,IMG20250801103726.png,train
C:\Users\giant\Projects\pomelo-disease-classification\images\enhanced\melanose\melanose_medium\IMG20250801103741.png,melanose,melanose_medium,IMG20250801103741.png,train
C:\Users\giant\Projects\pomelo-disease-classification\images\enhanced\blackspot\blackspot_small\IMG20250801103816.png,blackspot,blackspot_small,IMG20250801103816.png,train
C:\Users\giant\Projects\pomelo-disease-classification\images\enhanced\healthy\healthy_pale\IMG20250801103827.png,healthy,healthy_pale,IMG20250801103827.png,val
C:\Users\giant\Projects\pomelo-disease-classification\images\enhanced\borer\borer_large_hole\IMG20250801104320.png,borer,borer_large_hole,IMG20250801104320.png,test
C:\Users\giant\Projects\pomelo-disease-classification\images\enhanced\borer\borer_rotated_view\IMG20250801104325.png,borer,borer_rotated_view,IMG20250801104325.png,train
C:\Users\giant\Projects\pomelo-disease-classification\images\enhanced\borer\borer_multiple_holes\IMG20250801104337.png,borer,borer_multiple_holes,IMG20250801104337.png,test
C:\Users\giant\Projects\pomelo-disease-classification\images\enhanced\borer\borer_multiple_holes\IMG20250801104341.png,borer,borer_multiple_holes,IMG20250801104341.png,val
C:\Users\giant\Projects\pomelo-disease-classification\images\enhanced\blackspot\blackspot_small\IMG20250801104450.png,blackspot,blackspot_small,IMG20250801104450.png,train
C:\Users\giant\Projects\pomelo-disease-classification\images\enhanced\blackspot\blackspot_medium\IMG20250801104457.png,blackspot,blackspot_medium,IMG20250801104457.png,test
C:\Users\giant\Projects\pomelo-disease-classification\images\enhanced\blackspot\blackspot_small\IMG20250801104502.png,blackspot,blackspot_small,IMG20250801104502.png,train
C:\Users\giant\Projects\pomelo-disease-classification\images\enhanced\blackspot\blackspot_small\IMG20250801104546.png,blackspot,blackspot_small,IMG20250801104546.png,train
C:\Users\giant\Projects\pomelo-disease-classification\images\enhanced\healthy\healthy_green\IMG20250801104558.png,healthy,healthy_green,IMG20250801104558.png,train
C:\Users\giant\Projects\pomelo-disease-classification\images\enhanced\blackspot\blackspot_small\IMG20250801104605.png,blackspot,blackspot_small,IMG20250801104605.png,train
C:\Users\giant\Projects\pomelo-disease-classification\images\enhanced\blackspot\blackspot_medium\IMG20250801104621.png,blackspot,blackspot_medium,IMG20250801104621.png,train
C:\Users\giant\Projects\pomelo-disease-classification\images\enhanced\melanose\melanose_medium\IMG20250801104641.png,melanose,melanose_medium,IMG20250801104641.png,val
C:\Users\giant\Projects\pomelo-disease-classification\images\enhanced\melanose\melanose_medium\IMG20250801104647.png,melanose,melanose_medium,IMG20250801104647.png,train
C:\Users\giant\Projects\pomelo-disease-classification\images\enhanced\healthy\healthy_green\IMG20250801104657.png,healthy,healthy_green,IMG20250801104657.png,val
C:\Users\giant\Projects\pomelo-disease-classification\images\enhanced\melanose\melanose_medium\IMG20250801104715.png,melanose,melanose_medium,IMG20250801104715.png,train
C:\Users\giant\Projects\pomelo-disease-classification\images\enhanced\melanose\melanose_medium\IMG20250801104718.png,melanose,melanose_medium,IMG20250801104718.png,test
C:\Users\giant\Projects\pomelo-disease-classification\images\enhanced\melanose\melanose_early\IMG20250801104731.png,melanose,melanose_early,IMG20250801104731.png,train
C:\Users\giant\Projects\pomelo-disease-classification\images\enhanced\melanose\melanose_medium\IMG20250801104821.png,melanose,melanose_medium,IMG20250801104821.png,train
C:\Users\giant\Projects\pomelo-disease-classification\images\enhanced\blackspot\blackspot_small\IMG20250801104829.png,blackspot,blackspot_small,IMG20250801104829.png,train
C:\Users\giant\Projects\pomelo-disease-classification\images\enhanced\blackspot\blackspot_small\IMG20250801104911.png,blackspot,blackspot_small,IMG20250801104911.png,train
C:\Users\giant\Projects\pomelo-disease-classification\images\enhanced\blackspot\blackspot_small\IMG20250801104928.png,blackspot,blackspot_small,IMG20250801104928.png,train
C:\Users\giant\Projects\pomelo-disease-classification\images\enhanced\melanose\melanose_small\IMG20250801105019.png,melanose,melanose_small,IMG20250801105019.png,train
C:\Users\giant\Projects\pomelo-disease-classification\images\enhanced\melanose\melanose_small\IMG20250801105036.png,melanose,melanose_small,IMG20250801105036.png,train
C:\Users\giant\Projects\pomelo-disease-classification\images\enhanced\blackspot\blackspot_small\IMG20250801105116.png,blackspot,blackspot_small,IMG20250801105116.png,train
C:\Users\giant\Projects\pomelo-disease-classification\images\enhanced\borer\borer_multiple_holes\IMG20250801105353.png,borer,borer_multiple_holes,IMG20250801105353.png,val
C:\Users\giant\Projects\pomelo-disease-classification\images\enhanced\borer\borer_rotated_view\IMG20250801105357.png,borer,borer_rotated_view,IMG20250801105357.png,train
C:\Users\giant\Projects\pomelo-disease-classification\images\enhanced\borer\borer_multiple_holes\IMG20250801105401.png,borer,borer_multiple_holes,IMG20250801105401.png,val
C:\Users\giant\Projects\pomelo-disease-classification\images\enhanced\blackspot\blackspot_medium\IMG20250801105544.png,blackspot,blackspot_medium,IMG20250801105544.png,val
C:\Users\giant\Projects\pomelo-disease-classification\images\enhanced\blackspot\blackspot_medium\IMG20250801105557.png,blackspot,blackspot_medium,IMG20250801105557.png,train
C:\Users\giant\Projects\pomelo-disease-classification\images\enhanced\healthy\healthy_green\IMG20250801105623.png,healthy,healthy_green,IMG20250801105623.png,val
C:\Users\giant\Projects\pomelo-disease-classification\images\enhanced\melanose\melanose_medium\IMG20250801105639.png,melanose,melanose_medium,IMG20250801105639.png,train
C:\Users\giant\Projects\pomelo-disease-classification\images\enhanced\healthy\healthy_green\IMG20250801105655.png,healthy,healthy_green,IMG20250801105655.png,train
C:\Users\giant\Projects\pomelo-disease-classification\images\enhanced\melanose\melanose_small\IMG20250801105704.png,melanose,melanose_small,IMG20250801105704.png,test
C:\Users\giant\Projects\pomelo-disease-classification\images\enhanced\melanose\melanose_small\IMG20250801105710.png,melanose,melanose_small,IMG20250801105710.png,train
C:\Users\giant\Projects\pomelo-disease-classification\images\enhanced\melanose\melanose_medium\IMG20250801105712.png,melanose,melanose_medium,IMG20250801105712.png,train
C:\Users\giant\Projects\pomelo-disease-classification\images\enhanced\blackspot\blackspot_small\IMG20250801105731.png,blackspot,blackspot_small,IMG20250801105731.png,train
C:\Users\giant\Projects\pomelo-disease-classification\images\enhanced\blackspot\blackspot_medium\IMG20250801105734.png,blackspot,blackspot_medium,IMG20250801105734.png,train
C:\Users\giant\Projects\pomelo-disease-classification\images\enhanced\blackspot\blackspot_medium\IMG20250801105749.png,blackspot,blackspot_medium,IMG20250801105749.png,val
C:\Users\giant\Projects\pomelo-disease-classification\images\enhanced\blackspot\blackspot_medium\IMG20250801105751.png,blackspot,blackspot_medium,IMG20250801105751.png,train
C:\Users\giant\Projects\pomelo-disease-classification\images\enhanced\healthy\healthy_green\IMG20250801105755.png,healthy,healthy_green,IMG20250801105755.png,train
C:\Users\giant\Projects\pomelo-disease-classification\images\enhanced\blackspot\blackspot_medium\IMG20250801105841.png,blackspot,blackspot_medium,IMG20250801105841.png,train
C:\Users\giant\Projects\pomelo-disease-classification\images\enhanced\anthracnose\anthrac_yellowing_skin\IMG20250801105907.png,anthracnose,anthrac_yellowing_skin,IMG20250801105907.png,train
C:\Users\giant\Projects\pomelo-disease-classification\images\enhanced\blackspot\blackspot_medium\IMG20250801105946.png,blackspot,blackspot_medium,IMG20250801105946.png,train
C:\Users\giant\Projects\pomelo-disease-classification\images\enhanced\blackspot\blackspot_medium\IMG20250801105953.png,blackspot,blackspot_medium,IMG20250801105953.png,train
C:\Users\giant\Projects\pomelo-disease-classification\images\enhanced\healthy\healthy_pale\IMG20250801110026.png,healthy,healthy_pale,IMG20250801110026.png,train
C:\Users\giant\Projects\pomelo-disease-classification\images\enhanced\healthy\healthy_pale\IMG20250801110033.png,healthy,healthy_pale,IMG20250801110033.png,train
C:\Users\giant\Projects\pomelo-disease-classification\images\enhanced\blackspot\blackspot_small\IMG20250801110100.png,blackspot,blackspot_small,IMG20250801110100.png,val
C:\Users\giant\Projects\pomelo-disease-classification\images\enhanced\melanose\melanose_medium\IMG20250801110307.png,melanose,melanose_medium,IMG20250801110307.png,test
C:\Users\giant\Projects\pomelo-disease-classification\images\enhanced\melanose\melanose_medium\IMG20250801110321.png,melanose,melanose_medium,IMG20250801110321.png,val
C:\Users\giant\Projects\pomelo-disease-classification\images\enhanced\anthracnose\anthrac_black_lesion\IMG20250801110426.png,anthracnose,anthrac_black_lesion,IMG20250801110426.png,train
C:\Users\giant\Projects\pomelo-disease-classification\images\enhanced\healthy\healthy_yellowish\IMG20250801110444.png,healthy,healthy_yellowish,IMG20250801110444.png,train
C:\Users\giant\Projects\pomelo-disease-classification\images\enhanced\mites\mites_scrapes\IMG20250801110506.png,mites,mites_scrapes,IMG20250801110506.png,train
C:\Users\giant\Projects\pomelo-disease-classification\images\enhanced\mites\mites_scrapes\IMG20250801110510.png,mites,mites_scrapes,IMG20250801110510.png,train
C:\Users\giant\Projects\pomelo-disease-classification\images\enhanced\mites\mites_front_patch\IMG20250801110514.png,mites,mites_front_patch,IMG20250801110514.png,train
C:\Users\giant\Projects\pomelo-disease-classification\images\enhanced\healthy\healthy_green\IMG20250802082729.png,healthy,healthy_green,IMG20250802082729.png,train
C:\Users\giant\Projects\pomelo-disease-classification\images\enhanced\healthy\healthy_green\IMG20250802082754.png,healthy,healthy_green,IMG20250802082754.png,train
C:\Users\giant\Projects\pomelo-disease-classification\images\enhanced\blackspot\blackspot_medium\IMG20250802082804.png,blackspot,blackspot_medium,IMG20250802082804.png,val
C:\Users\giant\Projects\pomelo-disease-classification\images\enhanced\melanose\melanose_small\IMG20250802082811.png,melanose,melanose_small,IMG20250802082811.png,train
C:\Users\giant\Projects\pomelo-disease-classification\images\enhanced\blackspot\blackspot_small\IMG20250802082824.png,blackspot,blackspot_small,IMG20250802082824.png,val
C:\Users\giant\Projects\pomelo-disease-classification\images\enhanced\blackspot\blackspot_small\IMG20250802082844.png,blackspot,blackspot_small,IMG20250802082844.png,train
C:\Users\giant\Projects\pomelo-disease-classification\images\enhanced\melanose\melanose_small\IMG20250802082909.png,melanose,melanose_small,IMG20250802082909.png,train
C:\Users\giant\Projects\pomelo-disease-classification\images\enhanced\blackspot\blackspot_small\IMG20250802082925.png,blackspot,blackspot_small,IMG20250802082925.png,train
C:\Users\giant\Projects\pomelo-disease-classification\images\enhanced\healthy\healthy_green\IMG20250802082931.png,healthy,healthy_green,IMG20250802082931.png,train
C:\Users\giant\Projects\pomelo-disease-classification\images\enhanced\healthy\healthy_green\IMG20250802082938.png,healthy,healthy_green,IMG20250802082938.png,train
C:\Users\giant\Projects\pomelo-disease-classification\images\enhanced\healthy\healthy_yellowish\IMG20250802082951.png,healthy,healthy_yellowish,IMG20250802082951.png,train
C:\Users\giant\Projects\pomelo-disease-classification\images\enhanced\blackspot\blackspot_small\IMG20250802082958.png,blackspot,blackspot_small,IMG20250802082958.png,train
C:\Users\giant\Projects\pomelo-disease-classification\images\enhanced\healthy\healthy_yellowish\IMG20250802083005.png,healthy,healthy_yellowish,IMG20250802083005.png,val
C:\Users\giant\Projects\pomelo-disease-classification\images\enhanced\healthy\healthy_yellowish\IMG20250802083014.png,healthy,healthy_yellowish,IMG20250802083014.png,train
C:\Users\giant\Projects\pomelo-disease-classification\images\enhanced\mites\mites_front_patch\IMG20250802083036.png,mites,mites_front_patch,IMG20250802083036.png,train
C:\Users\giant\Projects\pomelo-disease-classification\images\enhanced\borer\borer_vertical_scar\IMG20250802083053.png,borer,borer_vertical_scar,IMG20250802083053.png,train
C:\Users\giant\Projects\pomelo-disease-classification\images\enhanced\mites\mites_side_patch\IMG20250802083110.png,mites,mites_side_patch,IMG20250802083110.png,train
C:\Users\giant\Projects\pomelo-disease-classification\images\enhanced\healthy\healthy_pale\IMG20250802083142.png,healthy,healthy_pale,IMG20250802083142.png,train
C:\Users\giant\Projects\pomelo-disease-classification\images\enhanced\healthy\healthy_pale\IMG20250802083154.png,healthy,healthy_pale,IMG20250802083154.png,train
C:\Users\giant\Projects\pomelo-disease-classification\images\enhanced\blackspot\blackspot_small\IMG20250802083207.png,blackspot,blackspot_small,IMG20250802083207.png,train
C:\Users\giant\Projects\pomelo-disease-classification\images\enhanced\healthy\healthy_pale\IMG20250802083232.png,healthy,healthy_pale,IMG20250802083232.png,train
C:\Users\giant\Projects\pomelo-disease-classification\images\enhanced\blackspot\blackspot_small\IMG20250802083237.png,blackspot,blackspot_small,IMG20250802083237.png,train
C:\Users\giant\Projects\pomelo-disease-classification\images\enhanced\blackspot\blackspot_small\IMG20250802083244.png,blackspot,blackspot_small,IMG20250802083244.png,train
C:\Users\giant\Projects\pomelo-disease-classification\images\enhanced\healthy\healthy_pale\IMG20250802083252.png,healthy,healthy_pale,IMG20250802083252.png,val
C:\Users\giant\Projects\pomelo-disease-classification\images\enhanced\blackspot\blackspot_small\IMG20250802083302.png,blackspot,blackspot_small,IMG20250802083302.png,train
C:\Users\giant\Projects\pomelo-disease-classification\images\enhanced\healthy\healthy_green\IMG20250802083315.png,healthy,healthy_green,IMG20250802083315.png,train
C:\Users\giant\Projects\pomelo-disease-classification\images\enhanced\melanose\melanose_small\IMG20250802083358.png,melanose,melanose_small,IMG20250802083358.png,train
C:\Users\giant\Projects\pomelo-disease-classification\images\enhanced\melanose\melanose_small\IMG20250802083455.png,melanose,melanose_small,IMG20250802083455.png,train
C:\Users\giant\Projects\pomelo-disease-classification\images\enhanced\anthracnose\anthrac_black_lesion\IMG20250802083500.png,anthracnose,anthrac_black_lesion,IMG20250802083500.png,train
C:\Users\giant\Projects\pomelo-disease-classification\images\enhanced\mites\mites_front_patch\IMG20250802083509.png,mites,mites_front_patch,IMG20250802083509.png,train
C:\Users\giant\Projects\pomelo-disease-classification\images\enhanced\mites\mites_side_patch\IMG20250802083512.png,mites,mites_side_patch,IMG20250802083512.png,train
C:\Users\giant\Projects\pomelo-disease-classification\images\enhanced\mites\mites_front_patch\IMG20250802083516.png,mites,mites_front_patch,IMG20250802083516.png,train
C:\Users\giant\Projects\pomelo-disease-classification\images\enhanced\borer\borer_rotated_view\IMG20250802083537.png,borer,borer_rotated_view,IMG20250802083537.png,train
C:\Users\giant\Projects\pomelo-disease-classification\images\enhanced\borer\borer_rotated_view\IMG20250802083541.png,borer,borer_rotated_view,IMG20250802083541.png,val
C:\Users\giant\Projects\pomelo-disease-classification\images\enhanced\blackspot\blackspot_small\IMG20250802083554.png,blackspot,blackspot_small,IMG20250802083554.png,train
C:\Users\giant\Projects\pomelo-disease-classification\images\enhanced\healthy\healthy_green\IMG20250802083559.png,healthy,healthy_green,IMG20250802083559.png,train
C:\Users\giant\Projects\pomelo-disease-classification\images\enhanced\mites\mites_front_patch\IMG20250802083646.png,mites,mites_front_patch,IMG20250802083646.png,train
C:\Users\giant\Projects\pomelo-disease-classification\images\enhanced\mites\mites_side_patch\IMG20250802083652.png,mites,mites_side_patch,IMG20250802083652.png,train
C:\Users\giant\Projects\pomelo-disease-classification\images\enhanced\mites\mites_side_patch\IMG20250802083700.png,mites,mites_side_patch,IMG20250802083700.png,train
C:\Users\giant\Projects\pomelo-disease-classification\images\enhanced\mites\mites_side_patch\IMG20250802083704.png,mites,mites_side_patch,IMG20250802083704.png,train
C:\Users\giant\Projects\pomelo-disease-classification\images\enhanced\mites\mites_side_patch\IMG20250802083709.png,mites,mites_side_patch,IMG20250802083709.png,train
C:\Users\giant\Projects\pomelo-disease-classification\images\enhanced\blackspot\blackspot_medium\IMG20250802083814.png,blackspot,blackspot_medium,IMG20250802083814.png,test
C:\Users\giant\Projects\pomelo-disease-classification\images\enhanced\healthy\healthy_green\IMG20250802083829.png,healthy,healthy_green,IMG20250802083829.png,test
C:\Users\giant\Projects\pomelo-disease-classification\images\enhanced\blackspot\blackspot_small\IMG20250802083856.png,blackspot,blackspot_small,IMG20250802083856.png,val
C:\Users\giant\Projects\pomelo-disease-classification\images\enhanced\healthy\healthy_green\IMG20250802083919.png,healthy,healthy_green,IMG20250802083919.png,test
C:\Users\giant\Projects\pomelo-disease-classification\images\enhanced\melanose\melanose_small\IMG20250802083931.png,melanose,melanose_small,IMG20250802083931.png,train
C:\Users\giant\Projects\pomelo-disease-classification\images\enhanced\melanose\melanose_small\IMG20250802083939.png,melanose,melanose_small,IMG20250802083939.png,test
C:\Users\giant\Projects\pomelo-disease-classification\images\enhanced\anthracnose\anthrac_black_lesion\IMG20250802084009.png,anthracnose,anthrac_black_lesion,IMG20250802084009.png,val
C:\Users\giant\Projects\pomelo-disease-classification\images\enhanced\healthy\healthy_yellowish\IMG20250802084017.png,healthy,healthy_yellowish,IMG20250802084017.png,train
C:\Users\giant\Projects\pomelo-disease-classification\images\enhanced\healthy\healthy_yellowish\IMG20250802084024.png,healthy,healthy_yellowish,IMG20250802084024.png,train
C:\Users\giant\Projects\pomelo-disease-classification\images\enhanced\healthy\healthy_green\IMG20250802084048.png,healthy,healthy_green,IMG20250802084048.png,train
C:\Users\giant\Projects\pomelo-disease-classification\images\enhanced\healthy\healthy_green\IMG20250802084117.png,healthy,healthy_green,IMG20250802084117.png,train
C:\Users\giant\Projects\pomelo-disease-classification\images\enhanced\mites\mites_front_patch\IMG20250802084203.png,mites,mites_front_patch,IMG20250802084203.png,train
C:\Users\giant\Projects\pomelo-disease-classification\images\enhanced\mites\mites_side_patch\IMG20250802084207.png,mites,mites_side_patch,IMG20250802084207.png,train
C:\Users\giant\Projects\pomelo-disease-classification\images\enhanced\mites\mites_side_patch\IMG20250802084211.png,mites,mites_side_patch,IMG20250802084211.png,train
C:\Users\giant\Projects\pomelo-disease-classification\images\enhanced\mites\mites_front_patch\IMG20250802084216.png,mites,mites_front_patch,IMG20250802084216.png,train
C:\Users\giant\Projects\pomelo-disease-classification\images\enhanced\borer\borer_multiple_holes\IMG20250802084237.png,borer,borer_multiple_holes,IMG20250802084237.png,val
C:\Users\giant\Projects\pomelo-disease-classification\images\enhanced\borer\borer_multiple_holes\IMG20250802084244.png,borer,borer_multiple_holes,IMG20250802084244.png,train
C:\Users\giant\Projects\pomelo-disease-classification\images\enhanced\borer\borer_multiple_holes\IMG20250802084249.png,borer,borer_multiple_holes,IMG20250802084249.png,test
C:\Users\giant\Projects\pomelo-disease-classification\images\enhanced\borer\borer_multiple_holes\IMG20250802084305.png,borer,borer_multiple_holes,IMG20250802084305.png,train
C:\Users\giant\Projects\pomelo-disease-classification\images\enhanced\mites\mites_side_patch\IMG20250802084416.png,mites,mites_side_patch,IMG20250802084416.png,train
C:\Users\giant\Projects\pomelo-disease-classification\images\enhanced\mites\mites_front_patch\IMG20250802084423.png,mites,mites_front_patch,IMG20250802084423.png,train
C:\Users\giant\Projects\pomelo-disease-classification\images\enhanced\mites\mites_side_patch\IMG20250802084426.png,mites,mites_side_patch,IMG20250802084426.png,train
C:\Users\giant\Projects\pomelo-disease-classification\images\enhanced\mites\mites_side_patch\IMG20250802084430.png,mites,mites_side_patch,IMG20250802084430.png,train
C:\Users\giant\Projects\pomelo-disease-classification\images\enhanced\mites\mites_front_patch\IMG20250802084433.png,mites,mites_front_patch,IMG20250802084433.png,val
C:\Users\giant\Projects\pomelo-disease-classification\images\enhanced\mites\mites_front_patch\IMG20250802084439.png,mites,mites_front_patch,IMG20250802084439.png,train
C:\Users\giant\Projects\pomelo-disease-classification\images\enhanced\mites\mites_side_patch\IMG20250802084443.png,mites,mites_side_patch,IMG20250802084443.png,train
C:\Users\giant\Projects\pomelo-disease-classification\images\enhanced\mites\mites_side_patch\IMG20250802084448.png,mites,mites_side_patch,IMG20250802084448.png,val
C:\Users\giant\Projects\pomelo-disease-classification\images\enhanced\mites\mites_side_patch\IMG20250802084452.png,mites,mites_side_patch,IMG20250802084452.png,train
C:\Users\giant\Projects\pomelo-disease-classification\images\enhanced\mites\mites_front_patch\IMG20250802084502.png,mites,mites_front_patch,IMG20250802084502.png,train
C:\Users\giant\Projects\pomelo-disease-classification\images\enhanced\mites\mites_side_patch\IMG20250802084508.png,mites,mites_side_patch,IMG20250802084508.png,train
C:\Users\giant\Projects\pomelo-disease-classification\images\enhanced\mites\mites_front_patch\IMG20250802084526.png,mites,mites_front_patch,IMG20250802084526.png,train
C:\Users\giant\Projects\pomelo-disease-classification\images\enhanced\mites\mites_scrapes\IMG20250802084533.png,mites,mites_scrapes,IMG20250802084533.png,train
C:\Users\giant\Projects\pomelo-disease-classification\images\enhanced\mites\mites_side_patch\IMG20250802084537.png,mites,mites_side_patch,IMG20250802084537.png,train
C:\Users\giant\Projects\pomelo-disease-classification\images\enhanced\mites\mites_front_patch\IMG20250802084602.png,mites,mites_front_patch,IMG20250802084602.png,train
C:\Users\giant\Projects\pomelo-disease-classification\images\enhanced\mites\mites_side_patch\IMG20250802084608.png,mites,mites_side_patch,IMG20250802084608.png,test
C:\Users\giant\Projects\pomelo-disease-classification\images\enhanced\mites\mites_side_patch\IMG20250802084612.png,mites,mites_side_patch,IMG20250802084612.png,train
C:\Users\giant\Projects\pomelo-disease-classification\images\enhanced\mites\mites_front_patch\IMG20250802085745.png,mites,mites_front_patch,IMG20250802085745.png,test
C:\Users\giant\Projects\pomelo-disease-classification\images\enhanced\blackspot\blackspot_small\IMG20250802085804.png,blackspot,blackspot_small,IMG20250802085804.png,val
C:\Users\giant\Projects\pomelo-disease-classification\images\enhanced\mites\mites_scrapes\IMG20250802085835.png,mites,mites_scrapes,IMG20250802085835.png,train
C:\Users\giant\Projects\pomelo-disease-classification\images\enhanced\blackspot\blackspot_small\IMG20250802085915.png,blackspot,blackspot_small,IMG20250802085915.png,train
C:\Users\giant\Projects\pomelo-disease-classification\images\enhanced\healthy\healthy_green\IMG20250802085951.png,healthy,healthy_green,IMG20250802085951.png,train
C:\Users\giant\Projects\pomelo-disease-classification\images\enhanced\healthy\healthy_green\IMG20250802085955.png,healthy,healthy_green,IMG20250802085955.png,train
C:\Users\giant\Projects\pomelo-disease-classification\images\enhanced\healthy\healthy_green\IMG20250802090002.png,healthy,healthy_green,IMG20250802090002.png,train
C:\Users\giant\Projects\pomelo-disease-classification\images\enhanced\healthy\healthy_green\IMG20250802090005.png,healthy,healthy_green,IMG20250802090005.png,train
C:\Users\giant\Projects\pomelo-disease-classification\images\enhanced\healthy\healthy_green\IMG20250802090013.png,healthy,healthy_green,IMG20250802090013.png,val
C:\Users\giant\Projects\pomelo-disease-classification\images\enhanced\blackspot\blackspot_medium\IMG20250802090021.png,blackspot,blackspot_medium,IMG20250802090021.png,train
C:\Users\giant\Projects\pomelo-disease-classification\images\enhanced\blackspot\blackspot_small\IMG20250802090024.png,blackspot,blackspot_small,IMG20250802090024.png,test
C:\Users\giant\Projects\pomelo-disease-classification\images\enhanced\healthy\healthy_green\IMG20250802090027.png,healthy,healthy_green,IMG20250802090027.png,train
C:\Users\giant\Projects\pomelo-disease-classification\images\enhanced\melanose\melanose_small\IMG20250802090037.png,melanose,melanose_small,IMG20250802090037.png,val
C:\Users\giant\Projects\pomelo-disease-classification\images\enhanced\healthy\healthy_green\IMG20250802090154.png,healthy,healthy_green,IMG20250802090154.png,train
C:\Users\giant\Projects\pomelo-disease-classification\images\enhanced\healthy\healthy_green\IMG20250802090200.png,healthy,healthy_green,IMG20250802090200.png,train
C:\Users\giant\Projects\pomelo-disease-classification\images\enhanced\borer\borer_rotated_view\IMG20250802090225.png,borer,borer_rotated_view,IMG20250802090225.png,train
C:\Users\giant\Projects\pomelo-disease-classification\images\enhanced\borer\borer_rotated_view\IMG20250802090229.png,borer,borer_rotated_view,IMG20250802090229.png,train
C:\Users\giant\Projects\pomelo-disease-classification\images\enhanced\borer\borer_rotated_view\IMG20250802090344.png,borer,borer_rotated_view,IMG20250802090344.png,val
C:\Users\giant\Projects\pomelo-disease-classification\images\enhanced\borer\borer_multiple_holes\IMG20250802090351.png,borer,borer_multiple_holes,IMG20250802090351.png,test
C:\Users\giant\Projects\pomelo-disease-classification\images\enhanced\borer\borer_rotated_view\IMG20250802090357.png,borer,borer_rotated_view,IMG20250802090357.png,val
C:\Users\giant\Projects\pomelo-disease-classification\images\enhanced\borer\borer_multiple_holes\IMG20250802090406.png,borer,borer_multiple_holes,IMG20250802090406.png,train
C:\Users\giant\Projects\pomelo-disease-classification\images\enhanced\borer\borer_large_hole\IMG20250802090426.png,borer,borer_large_hole,IMG20250802090426.png,train
C:\Users\giant\Projects\pomelo-disease-classification\images\enhanced\borer\borer_rotated_view\IMG20250802090522.png,borer,borer_rotated_view,IMG20250802090522.png,train
C:\Users\giant\Projects\pomelo-disease-classification\images\enhanced\borer\borer_rotated_view\IMG20250802090528.png,borer,borer_rotated_view,IMG20250802090528.png,train
C:\Users\giant\Projects\pomelo-disease-classification\images\enhanced\borer\borer_rotated_view\IMG20250802090536.png,borer,borer_rotated_view,IMG20250802090536.png,train
C:\Users\giant\Projects\pomelo-disease-classification\images\enhanced\borer\borer_large_hole\IMG20250802090559.png,borer,borer_large_hole,IMG20250802090559.png,val
C:\Users\giant\Projects\pomelo-disease-classification\images\enhanced\borer\borer_large_hole\IMG20250802090606.png,borer,borer_large_hole,IMG20250802090606.png,train
C:\Users\giant\Projects\pomelo-disease-classification\images\enhanced\borer\borer_rotated_view\IMG20250802090620.png,borer,borer_rotated_view,IMG20250802090620.png,train
C:\Users\giant\Projects\pomelo-disease-classification\images\enhanced\melanose\melanose_medium\IMG20250802100527.png,melanose,melanose_medium,IMG20250802100527.png,test
C:\Users\giant\Projects\pomelo-disease-classification\images\enhanced\healthy\healthy_green\IMG20250802100537.png,healthy,healthy_green,IMG20250802100537.png,train
C:\Users\giant\Projects\pomelo-disease-classification\images\enhanced\healthy\healthy_green\IMG20250802100540.png,healthy,healthy_green,IMG20250802100540.png,test
C:\Users\giant\Projects\pomelo-disease-classification\images\enhanced\melanose\melanose_early\IMG20250802100554.png,melanose,melanose_early,IMG20250802100554.png,train
C:\Users\giant\Projects\pomelo-disease-classification\images\enhanced\healthy\healthy_green\IMG20250802100557.png,healthy,healthy_green,IMG20250802100557.png,val
C:\Users\giant\Projects\pomelo-disease-classification\images\enhanced\blackspot\blackspot_small\IMG20250802100610.png,blackspot,blackspot_small,IMG20250802100610.png,train
C:\Users\giant\Projects\pomelo-disease-classification\images\enhanced\healthy\healthy_yellowish\IMG20250802100637.png,healthy,healthy_yellowish,IMG20250802100637.png,val
C:\Users\giant\Projects\pomelo-disease-classification\images\enhanced\blackspot\blackspot_small\IMG20250802100642.png,blackspot,blackspot_small,IMG20250802100642.png,train
C:\Users\giant\Projects\pomelo-disease-classification\images\enhanced\blackspot\blackspot_small\IMG20250802100702.png,blackspot,blackspot_small,IMG20250802100702.png,train
C:\Users\giant\Projects\pomelo-disease-classification\images\enhanced\healthy\healthy_green\IMG20250802100705.png,healthy,healthy_green,IMG20250802100705.png,val
C:\Users\giant\Projects\pomelo-disease-classification\images\enhanced\blackspot\blackspot_small\IMG20250802100709.png,blackspot,blackspot_small,IMG20250802100709.png,val
C:\Users\giant\Projects\pomelo-disease-classification\images\enhanced\healthy\healthy_yellowish\IMG20250802100728.png,healthy,healthy_yellowish,IMG20250802100728.png,train
C:\Users\giant\Projects\pomelo-disease-classification\images\enhanced\healthy\healthy_yellowish\IMG20250802100740.png,healthy,healthy_yellowish,IMG20250802100740.png,test
C:\Users\giant\Projects\pomelo-disease-classification\images\enhanced\healthy\healthy_green\IMG20250802100747.png,healthy,healthy_green,IMG20250802100747.png,val
C:\Users\giant\Projects\pomelo-disease-classification\images\enhanced\healthy\healthy_yellowish\IMG20250802100808.png,healthy,healthy_yellowish,IMG20250802100808.png,test
C:\Users\giant\Projects\pomelo-disease-classification\images\enhanced\healthy\healthy_yellowish\IMG20250802100826.png,healthy,healthy_yellowish,IMG20250802100826.png,train
C:\Users\giant\Projects\pomelo-disease-classification\images\enhanced\melanose\melanose_medium\IMG20250802100859.png,melanose,melanose_medium,IMG20250802100859.png,train
C:\Users\giant\Projects\pomelo-disease-classification\images\enhanced\melanose\melanose_small\IMG20250802100910.png,melanose,melanose_small,IMG20250802100910.png,train
C:\Users\giant\Projects\pomelo-disease-classification\images\enhanced\melanose\melanose_medium\IMG20250802100932.png,melanose,melanose_medium,IMG20250802100932.png,train
C:\Users\giant\Projects\pomelo-disease-classification\images\enhanced\melanose\melanose_small\IMG20250802100948.png,melanose,melanose_small,IMG20250802100948.png,train
C:\Users\giant\Projects\pomelo-disease-classification\images\enhanced\healthy\healthy_green\IMG20250802100957.png,healthy,healthy_green,IMG20250802100957.png,train
C:\Users\giant\Projects\pomelo-disease-classification\images\enhanced\healthy\healthy_yellowish\IMG20250802101013.png,healthy,healthy_yellowish,IMG20250802101013.png,train
C:\Users\giant\Projects\pomelo-disease-classification\images\enhanced\melanose\melanose_medium\IMG20250802101037.png,melanose,melanose_medium,IMG20250802101037.png,train
C:\Users\giant\Projects\pomelo-disease-classification\images\enhanced\melanose\melanose_medium\IMG20250802101051.png,melanose,melanose_medium,IMG20250802101051.png,train
C:\Users\giant\Projects\pomelo-disease-classification\images\enhanced\melanose\melanose_small\IMG20250802101122.png,melanose,melanose_small,IMG20250802101122.png,test
C:\Users\giant\Projects\pomelo-disease-classification\images\enhanced\healthy\healthy_yellowish\IMG20250802101146.png,healthy,healthy_yellowish,IMG20250802101146.png,train
C:\Users\giant\Projects\pomelo-disease-classification\images\enhanced\healthy\healthy_yellowish\IMG20250802101149.png,healthy,healthy_yellowish,IMG20250802101149.png,train
C:\Users\giant\Projects\pomelo-disease-classification\images\enhanced\healthy\healthy_yellowish\IMG20250802101210.png,healthy,healthy_yellowish,IMG20250802101210.png,val
C:\Users\giant\Projects\pomelo-disease-classification\images\enhanced\melanose\melanose_small\IMG20250802101220.png,melanose,melanose_small,IMG20250802101220.png,train
C:\Users\giant\Projects\pomelo-disease-classification\images\enhanced\healthy\healthy_yellowish\IMG20250802101332.png,healthy,healthy_yellowish,IMG20250802101332.png,train
C:\Users\giant\Projects\pomelo-disease-classification\images\enhanced\mites\mites_scrapes\IMG20250802101340.png,mites,mites_scrapes,IMG20250802101340.png,test
C:\Users\giant\Projects\pomelo-disease-classification\images\enhanced\blackspot\blackspot_medium\IMG20250802101347.png,blackspot,blackspot_medium,IMG20250802101347.png,train
C:\Users\giant\Projects\pomelo-disease-classification\images\enhanced\blackspot\blackspot_small\IMG20250802101351.png,blackspot,blackspot_small,IMG20250802101351.png,train
C:\Users\giant\Projects\pomelo-disease-classification\images\enhanced\blackspot\blackspot_small\IMG20250802101404.png,blackspot,blackspot_small,IMG20250802101404.png,train
C:\Users\giant\Projects\pomelo-disease-classification\images\enhanced\melanose\melanose_small\IMG20250802101416.png,melanose,melanose_small,IMG20250802101416.png,train
C:\Users\giant\Projects\pomelo-disease-classification\images\enhanced\blackspot\blackspot_small\IMG20250802101424.png,blackspot,blackspot_small,IMG20250802101424.png,test
C:\Users\giant\Projects\pomelo-disease-classification\images\enhanced\blackspot\blackspot_small\IMG20250802101438.png,blackspot,blackspot_small,IMG20250802101438.png,train
C:\Users\giant\Projects\pomelo-disease-classification\images\enhanced\healthy\healthy_pale\IMG20250802101459.png,healthy,healthy_pale,IMG20250802101459.png,train
C:\Users\giant\Projects\pomelo-disease-classification\images\enhanced\healthy\healthy_yellowish\IMG20250802101516.png,healthy,healthy_yellowish,IMG20250802101516.png,train
C:\Users\giant\Projects\pomelo-disease-classification\images\enhanced\healthy\healthy_pale\IMG20250802101524.png,healthy,healthy_pale,IMG20250802101524.png,train
C:\Users\giant\Projects\pomelo-disease-classification\images\enhanced\healthy\healthy_yellowish\IMG20250802101532.png,healthy,healthy_yellowish,IMG20250802101532.png,train
C:\Users\giant\Projects\pomelo-disease-classification\images\enhanced\melanose\melanose_medium\IMG20250802101539.png,melanose,melanose_medium,IMG20250802101539.png,train
C:\Users\giant\Projects\pomelo-disease-classification\images\enhanced\healthy\healthy_pale\IMG20250802101549.png,healthy,healthy_pale,IMG20250802101549.png,train
C:\Users\giant\Projects\pomelo-disease-classification\images\enhanced\melanose\melanose_medium\IMG20250802101557.png,melanose,melanose_medium,IMG20250802101557.png,train
C:\Users\giant\Projects\pomelo-disease-classification\images\enhanced\blackspot\blackspot_small\IMG20250802101618.png,blackspot,blackspot_small,IMG20250802101618.png,train
C:\Users\giant\Projects\pomelo-disease-classification\images\enhanced\blackspot\blackspot_small\IMG20250802101620.png,blackspot,blackspot_small,IMG20250802101620.png,test
C:\Users\giant\Projects\pomelo-disease-classification\images\enhanced\blackspot\blackspot_small\IMG20250802101622.png,blackspot,blackspot_small,IMG20250802101622.png,train
C:\Users\giant\Projects\pomelo-disease-classification\images\enhanced\blackspot\blackspot_small\IMG20250802101625.png,blackspot,blackspot_small,IMG20250802101625.png,train
C:\Users\giant\Projects\pomelo-disease-classification\images\enhanced\melanose\melanose_small\IMG20250802101647.png,melanose,melanose_small,IMG20250802101647.png,train
C:\Users\giant\Projects\pomelo-disease-classification\images\enhanced\blackspot\blackspot_small\IMG20250802101710.png,blackspot,blackspot_small,IMG20250802101710.png,train
C:\Users\giant\Projects\pomelo-disease-classification\images\enhanced\blackspot\blackspot_medium\IMG20250802101715.png,blackspot,blackspot_medium,IMG20250802101715.png,train
C:\Users\giant\Projects\pomelo-disease-classification\images\enhanced\healthy\healthy_green\IMG20250802101734.png,healthy,healthy_green,IMG20250802101734.png,train
C:\Users\giant\Projects\pomelo-disease-classification\images\enhanced\healthy\healthy_green\IMG20250802101743.png,healthy,healthy_green,IMG20250802101743.png,val
C:\Users\giant\Projects\pomelo-disease-classification\images\enhanced\melanose\melanose_small\IMG20250802101752.png,melanose,melanose_small,IMG20250802101752.png,train
C:\Users\giant\Projects\pomelo-disease-classification\images\enhanced\melanose\melanose_small\IMG20250802101758.png,melanose,melanose_small,IMG20250802101758.png,train
C:\Users\giant\Projects\pomelo-disease-classification\images\enhanced\healthy\healthy_green\IMG20250802101807.png,healthy,healthy_green,IMG20250802101807.png,train
C:\Users\giant\Projects\pomelo-disease-classification\images\enhanced\melanose\melanose_small\IMG20250802101817.png,melanose,melanose_small,IMG20250802101817.png,train
C:\Users\giant\Projects\pomelo-disease-classification\images\enhanced\healthy\healthy_green\IMG20250802101819.png,healthy,healthy_green,IMG20250802101819.png,train
C:\Users\giant\Projects\pomelo-disease-classification\images\enhanced\melanose\melanose_small\IMG20250802101821.png,melanose,melanose_small,IMG20250802101821.png,train
C:\Users\giant\Projects\pomelo-disease-classification\images\enhanced\melanose\melanose_medium\IMG20250802101826.png,melanose,melanose_medium,IMG20250802101826.png,train
C:\Users\giant\Projects\pomelo-disease-classification\images\enhanced\blackspot\blackspot_small\IMG20250802101835.png,blackspot,blackspot_small,IMG20250802101835.png,test
C:\Users\giant\Projects\pomelo-disease-classification\images\enhanced\healthy\healthy_green\IMG20250802101842.png,healthy,healthy_green,IMG20250802101842.png,val
C:\Users\giant\Projects\pomelo-disease-classification\images\enhanced\blackspot\blackspot_medium\IMG20250802101901.png,blackspot,blackspot_medium,IMG20250802101901.png,train
C:\Users\giant\Projects\pomelo-disease-classification\images\enhanced\blackspot\blackspot_medium\IMG20250802101905.png,blackspot,blackspot_medium,IMG20250802101905.png,train
C:\Users\giant\Projects\pomelo-disease-classification\images\enhanced\healthy\healthy_green\IMG20250802101914.png,healthy,healthy_green,IMG20250802101914.png,train
C:\Users\giant\Projects\pomelo-disease-classification\images\enhanced\blackspot\blackspot_medium\IMG20250802101926.png,blackspot,blackspot_medium,IMG20250802101926.png,train
C:\Users\giant\Projects\pomelo-disease-classification\images\enhanced\borer\borer_rotated_view\IMG20250802102006.png,borer,borer_rotated_view,IMG20250802102006.png,train
C:\Users\giant\Projects\pomelo-disease-classification\images\enhanced\borer\borer_rotated_view\IMG20250802102010.png,borer,borer_rotated_view,IMG20250802102010.png,train
C:\Users\giant\Projects\pomelo-disease-classification\images\enhanced\borer\borer_rotated_view\IMG20250802102014.png,borer,borer_rotated_view,IMG20250802102014.png,train
C:\Users\giant\Projects\pomelo-disease-classification\images\enhanced\mites\mites_side_patch\IMG20250802102021.png,mites,mites_side_patch,IMG20250802102021.png,train
C:\Users\giant\Projects\pomelo-disease-classification\images\enhanced\mites\mites_side_patch\IMG20250802102026.png,mites,mites_side_patch,IMG20250802102026.png,test
C:\Users\giant\Projects\pomelo-disease-classification\images\enhanced\mites\mites_browned_skin\IMG20250802102032.png,mites,mites_browned_skin,IMG20250802102032.png,val
C:\Users\giant\Projects\pomelo-disease-classification\images\enhanced\mites\mites_browned_skin\IMG20250802102041.png,mites,mites_browned_skin,IMG20250802102041.png,train
C:\Users\giant\Projects\pomelo-disease-classification\images\enhanced\mites\mites_browned_skin\IMG20250802102045.png,mites,mites_browned_skin,IMG20250802102045.png,test
C:\Users\giant\Projects\pomelo-disease-classification\images\enhanced\blackspot\blackspot_medium\IMG20250802102101.png,blackspot,blackspot_medium,IMG20250802102101.png,train
C:\Users\giant\Projects\pomelo-disease-classification\images\enhanced\mites\mites_scrapes\IMG20250802102124.png,mites,mites_scrapes,IMG20250802102124.png,train
C:\Users\giant\Projects\pomelo-disease-classification\images\enhanced\blackspot\blackspot_small\IMG20250802102138.png,blackspot,blackspot_small,IMG20250802102138.png,val
C:\Users\giant\Projects\pomelo-disease-classification\images\enhanced\blackspot\blackspot_small\IMG20250802102213.png,blackspot,blackspot_small,IMG20250802102213.png,train
C:\Users\giant\Projects\pomelo-disease-classification\images\enhanced\blackspot\blackspot_small\IMG20250802102216.png,blackspot,blackspot_small,IMG20250802102216.png,val
C:\Users\giant\Projects\pomelo-disease-classification\images\enhanced\melanose\melanose_small\IMG20250802102254.png,melanose,melanose_small,IMG20250802102254.png,train
C:\Users\giant\Projects\pomelo-disease-classification\images\enhanced\healthy\healthy_yellowish\IMG20250802102303.png,healthy,healthy_yellowish,IMG20250802102303.png,train
C:\Users\giant\Projects\pomelo-disease-classification\images\enhanced\healthy\healthy_green\IMG20250802102309.png,healthy,healthy_green,IMG20250802102309.png,train
C:\Users\giant\Projects\pomelo-disease-classification\images\enhanced\blackspot\blackspot_small\IMG20250802102313.png,blackspot,blackspot_small,IMG20250802102313.png,train
C:\Users\giant\Projects\pomelo-disease-classification\images\enhanced\healthy\healthy_pale\IMG20250802102326.png,healthy,healthy_pale,IMG20250802102326.png,val
C:\Users\giant\Projects\pomelo-disease-classification\images\enhanced\healthy\healthy_pale\IMG20250802102332.png,healthy,healthy_pale,IMG20250802102332.png,train
C:\Users\giant\Projects\pomelo-disease-classification\images\enhanced\healthy\healthy_pale\IMG20250802102339.png,healthy,healthy_pale,IMG20250802102339.png,val
C:\Users\giant\Projects\pomelo-disease-classification\images\enhanced\melanose\melanose_small\IMG20250802102356.png,melanose,melanose_small,IMG20250802102356.png,val
C:\Users\giant\Projects\pomelo-disease-classification\images\enhanced\healthy\healthy_yellowish\IMG20250802102401.png,healthy,healthy_yellowish,IMG20250802102401.png,val
C:\Users\giant\Projects\pomelo-disease-classification\images\enhanced\blackspot\blackspot_small\IMG20250802102408.png,blackspot,blackspot_small,IMG20250802102408.png,train
C:\Users\giant\Projects\pomelo-disease-classification\images\enhanced\healthy\healthy_yellowish\IMG20250802102412.png,healthy,healthy_yellowish,IMG20250802102412.png,val
C:\Users\giant\Projects\pomelo-disease-classification\images\enhanced\melanose\melanose_small\IMG20250802102500.png,melanose,melanose_small,IMG20250802102500.png,train
C:\Users\giant\Projects\pomelo-disease-classification\images\enhanced\blackspot\blackspot_small\IMG20250802102506.png,blackspot,blackspot_small,IMG20250802102506.png,train
C:\Users\giant\Projects\pomelo-disease-classification\images\enhanced\melanose\melanose_medium\IMG20250802102612.png,melanose,melanose_medium,IMG20250802102612.png,train
C:\Users\giant\Projects\pomelo-disease-classification\images\enhanced\melanose\melanose_small\IMG20250802102623.png,melanose,melanose_small,IMG20250802102623.png,train
C:\Users\giant\Projects\pomelo-disease-classification\images\enhanced\melanose\melanose_small\IMG20250802102655.png,melanose,melanose_small,IMG20250802102655.png,train
C:\Users\giant\Projects\pomelo-disease-classification\images\enhanced\borer\borer_multiple_holes\IMG20250802102949.png,borer,borer_multiple_holes,IMG20250802102949.png,val
C:\Users\giant\Projects\pomelo-disease-classification\images\enhanced\borer\borer_large_hole\IMG20250802102959.png,borer,borer_large_hole,IMG20250802102959.png,train
C:\Users\giant\Projects\pomelo-disease-classification\images\enhanced\borer\borer_multiple_holes\IMG20250802103041.png,borer,borer_multiple_holes,IMG20250802103041.png,val
C:\Users\giant\Projects\pomelo-disease-classification\images\enhanced\borer\borer_multiple_holes\IMG20250802103054.png,borer,borer_multiple_holes,IMG20250802103054.png,train
C:\Users\giant\Projects\pomelo-disease-classification\images\enhanced\borer\borer_multiple_holes\IMG20250802103102.png,borer,borer_multiple_holes,IMG20250802103102.png,test
C:\Users\giant\Projects\pomelo-disease-classification\images\enhanced\healthy\healthy_green\IMG20250802103133.png,healthy,healthy_green,IMG20250802103133.png,val
C:\Users\giant\Projects\pomelo-disease-classification\images\enhanced\melanose\melanose_small\IMG20250802103209.png,melanose,melanose_small,IMG20250802103209.png,train
C:\Users\giant\Projects\pomelo-disease-classification\images\enhanced\healthy\healthy_green\IMG20250802103227.png,healthy,healthy_green,IMG20250802103227.png,test
C:\Users\giant\Projects\pomelo-disease-classification\images\enhanced\melanose\melanose_small\IMG20250802103241.png,melanose,melanose_small,IMG20250802103241.png,train
C:\Users\giant\Projects\pomelo-disease-classification\images\enhanced\healthy\healthy_green\IMG20250802103457.png,healthy,healthy_green,IMG20250802103457.png,train
C:\Users\giant\Projects\pomelo-disease-classification\images\enhanced\blackspot\blackspot_small\IMG20250802103504.png,blackspot,blackspot_small,IMG20250802103504.png,val
C:\Users\giant\Projects\pomelo-disease-classification\images\enhanced\blackspot\blackspot_medium\IMG20250802103510.png,blackspot,blackspot_medium,IMG20250802103510.png,train
C:\Users\giant\Projects\pomelo-disease-classification\images\enhanced\blackspot\blackspot_small\IMG20250802103523.png,blackspot,blackspot_small,IMG20250802103523.png,test
C:\Users\giant\Projects\pomelo-disease-classification\images\enhanced\healthy\healthy_pale\IMG20250802103529.png,healthy,healthy_pale,IMG20250802103529.png,train
C:\Users\giant\Projects\pomelo-disease-classification\images\enhanced\blackspot\blackspot_small\IMG20250802103539.png,blackspot,blackspot_small,IMG20250802103539.png,test
C:\Users\giant\Projects\pomelo-disease-classification\images\enhanced\blackspot\blackspot_small\IMG20250802103542.png,blackspot,blackspot_small,IMG20250802103542.png,train
C:\Users\giant\Projects\pomelo-disease-classification\images\enhanced\healthy\healthy_pale\IMG20250802103546.png,healthy,healthy_pale,IMG20250802103546.png,train
C:\Users\giant\Projects\pomelo-disease-classification\images\enhanced\blackspot\blackspot_small\IMG20250802103558.png,blackspot,blackspot_small,IMG20250802103558.png,train
C:\Users\giant\Projects\pomelo-disease-classification\images\enhanced\blackspot\blackspot_small\IMG20250802103606.png,blackspot,blackspot_small,IMG20250802103606.png,train
C:\Users\giant\Projects\pomelo-disease-classification\images\enhanced\healthy\healthy_yellowish\IMG20250802103615.png,healthy,healthy_yellowish,IMG20250802103615.png,train
C:\Users\giant\Projects\pomelo-disease-classification\images\enhanced\healthy\healthy_pale\IMG20250802103624.png,healthy,healthy_pale,IMG20250802103624.png,test
C:\Users\giant\Projects\pomelo-disease-classification\images\enhanced\healthy\healthy_green\IMG20250802103634.png,healthy,healthy_green,IMG20250802103634.png,val
C:\Users\giant\Projects\pomelo-disease-classification\images\enhanced\blackspot\blackspot_medium\IMG20250802103649.png,blackspot,blackspot_medium,IMG20250802103649.png,train
C:\Users\giant\Projects\pomelo-disease-classification\images\enhanced\healthy\healthy_pale\IMG20250802103657.png,healthy,healthy_pale,IMG20250802103657.png,train
C:\Users\giant\Projects\pomelo-disease-classification\images\enhanced\blackspot\blackspot_small\IMG20250802103702.png,blackspot,blackspot_small,IMG20250802103702.png,train
C:\Users\giant\Projects\pomelo-disease-classification\images\enhanced\healthy\healthy_pale\IMG20250802103706.png,healthy,healthy_pale,IMG20250802103706.png,train
C:\Users\giant\Projects\pomelo-disease-classification\images\enhanced\blackspot\blackspot_small\IMG20250802103717.png,blackspot,blackspot_small,IMG20250802103717.png,val
C:\Users\giant\Projects\pomelo-disease-classification\images\enhanced\melanose\melanose_small\IMG20250802103751.png,melanose,melanose_small,IMG20250802103751.png,train
C:\Users\giant\Projects\pomelo-disease-classification\images\enhanced\blackspot\blackspot_small\IMG20250802103756.png,blackspot,blackspot_small,IMG20250802103756.png,train
C:\Users\giant\Projects\pomelo-disease-classification\images\enhanced\healthy\healthy_green\IMG20250802103819.png,healthy,healthy_green,IMG20250802103819.png,train
C:\Users\giant\Projects\pomelo-disease-classification\images\enhanced\blackspot\blackspot_small\IMG20250802103832.png,blackspot,blackspot_small,IMG20250802103832.png,train
C:\Users\giant\Projects\pomelo-disease-classification\images\enhanced\blackspot\blackspot_small\IMG20250802103837.png,blackspot,blackspot_small,IMG20250802103837.png,train
C:\Users\giant\Projects\pomelo-disease-classification\images\enhanced\blackspot\blackspot_small\IMG20250802103842.png,blackspot,blackspot_small,IMG20250802103842.png,train
C:\Users\giant\Projects\pomelo-disease-classification\images\enhanced\healthy\healthy_yellowish\IMG20250802103852.png,healthy,healthy_yellowish,IMG20250802103852.png,train
C:\Users\giant\Projects\pomelo-disease-classification\images\enhanced\healthy\healthy_green\IMG20250802103909.png,healthy,healthy_green,IMG20250802103909.png,train
C:\Users\giant\Projects\pomelo-disease-classification\images\enhanced\healthy\healthy_green\IMG20250802103912.png,healthy,healthy_green,IMG20250802103912.png,train
C:\Users\giant\Projects\pomelo-disease-classification\images\enhanced\healthy\healthy_pale\IMG20250802103919.png,healthy,healthy_pale,IMG20250802103919.png,train
C:\Users\giant\Projects\pomelo-disease-classification\images\enhanced\blackspot\blackspot_small\IMG20250802103926.png,blackspot,blackspot_small,IMG20250802103926.png,train
C:\Users\giant\Projects\pomelo-disease-classification\images\enhanced\blackspot\blackspot_small\IMG20250802103930.png,blackspot,blackspot_small,IMG20250802103930.png,train
C:\Users\giant\Projects\pomelo-disease-classification\images\enhanced\blackspot\blackspot_small\IMG20250802103947.png,blackspot,blackspot_small,IMG20250802103947.png,train
C:\Users\giant\Projects\pomelo-disease-classification\images\enhanced\melanose\melanose_small\IMG20250802104000.png,melanose,melanose_small,IMG20250802104000.png,train
C:\Users\giant\Projects\pomelo-disease-classification\images\enhanced\blackspot\blackspot_small\IMG20250802104010.png,blackspot,blackspot_small,IMG20250802104010.png,train
C:\Users\giant\Projects\pomelo-disease-classification\images\enhanced\melanose\melanose_medium\IMG20250802104031.png,melanose,melanose_medium,IMG20250802104031.png,train
C:\Users\giant\Projects\pomelo-disease-classification\images\enhanced\melanose\melanose_medium\IMG20250802104040.png,melanose,melanose_medium,IMG20250802104040.png,train
C:\Users\giant\Projects\pomelo-disease-classification\images\enhanced\healthy\healthy_green\IMG20250802104047.png,healthy,healthy_green,IMG20250802104047.png,train
C:\Users\giant\Projects\pomelo-disease-classification\images\enhanced\blackspot\blackspot_small\IMG20250802104051.png,blackspot,blackspot_small,IMG20250802104051.png,train
C:\Users\giant\Projects\pomelo-disease-classification\images\enhanced\blackspot\blackspot_small\IMG20250802104105.png,blackspot,blackspot_small,IMG20250802104105.png,train
C:\Users\giant\Projects\pomelo-disease-classification\images\enhanced\healthy\healthy_green\IMG20250802104108.png,healthy,healthy_green,IMG20250802104108.png,train
C:\Users\giant\Projects\pomelo-disease-classification\images\enhanced\blackspot\blackspot_small\IMG20250802104118.png,blackspot,blackspot_small,IMG20250802104118.png,train
C:\Users\giant\Projects\pomelo-disease-classification\images\enhanced\melanose\melanose_small\IMG20250802104139.png,melanose,melanose_small,IMG20250802104139.png,train
C:\Users\giant\Projects\pomelo-disease-classification\images\enhanced\melanose\melanose_small\IMG20250802104207.png,melanose,melanose_small,IMG20250802104207.png,train
C:\Users\giant\Projects\pomelo-disease-classification\images\enhanced\melanose\melanose_medium\IMG20250802104222.png,melanose,melanose_medium,IMG20250802104222.png,train
C:\Users\giant\Projects\pomelo-disease-classification\images\enhanced\healthy\healthy_green\IMG20250802104245.png,healthy,healthy_green,IMG20250802104245.png,train
C:\Users\giant\Projects\pomelo-disease-classification\images\enhanced\blackspot\blackspot_medium\IMG20250802104304.png,blackspot,blackspot_medium,IMG20250802104304.png,train
C:\Users\giant\Projects\pomelo-disease-classification\images\enhanced\blackspot\blackspot_small\IMG20250802104329.png,blackspot,blackspot_small,IMG20250802104329.png,train
C:\Users\giant\Projects\pomelo-disease-classification\images\enhanced\melanose\melanose_medium\IMG20250802104348.png,melanose,melanose_medium,IMG20250802104348.png,train
C:\Users\giant\Projects\pomelo-disease-classification\images\enhanced\melanose\melanose_medium\IMG20250802104351.png,melanose,melanose_medium,IMG20250802104351.png,train
C:\Users\giant\Projects\pomelo-disease-classification\images\enhanced\healthy\healthy_green\IMG20250802104357.png,healthy,healthy_green,IMG20250802104357.png,train
C:\Users\giant\Projects\pomelo-disease-classification\images\enhanced\blackspot\blackspot_small\IMG20250802104406.png,blackspot,blackspot_small,IMG20250802104406.png,train
C:\Users\giant\Projects\pomelo-disease-classification\images\enhanced\melanose\melanose_small\IMG20250802104411.png,melanose,melanose_small,IMG20250802104411.png,train
C:\Users\giant\Projects\pomelo-disease-classification\images\enhanced\melanose\melanose_small\IMG20250802104434.png,melanose,melanose_small,IMG20250802104434.png,train
C:\Users\giant\Projects\pomelo-disease-classification\images\enhanced\mites\mites_scrapes\IMG20250802104459.png,mites,mites_scrapes,IMG20250802104459.png,train
C:\Users\giant\Projects\pomelo-disease-classification\images\enhanced\melanose\melanose_medium\IMG20250802104513.png,melanose,melanose_medium,IMG20250802104513.png,val
C:\Users\giant\Projects\pomelo-disease-classification\images\enhanced\melanose\melanose_medium\IMG20250802104540.png,melanose,melanose_medium,IMG20250802104540.png,train
C:\Users\giant\Projects\pomelo-disease-classification\images\enhanced\blackspot\blackspot_small\IMG20250802104641.png,blackspot,blackspot_small,IMG20250802104641.png,val
C:\Users\giant\Projects\pomelo-disease-classification\images\enhanced\melanose\melanose_small\IMG20250802104708.png,melanose,melanose_small,IMG20250802104708.png,train
C:\Users\giant\Projects\pomelo-disease-classification\images\enhanced\healthy\healthy_yellowish\IMG20250802104808.png,healthy,healthy_yellowish,IMG20250802104808.png,train
C:\Users\giant\Projects\pomelo-disease-classification\images\enhanced\anthracnose\anthrac_yellowing_skin\IMG20250802104856.png,anthracnose,anthrac_yellowing_skin,IMG20250802104856.png,train
C:\Users\giant\Projects\pomelo-disease-classification\images\enhanced\anthracnose\anthrac_yellowing_skin\IMG20250802104900.png,anthracnose,anthrac_yellowing_skin,IMG20250802104900.png,train
C:\Users\giant\Projects\pomelo-disease-classification\images\enhanced\anthracnose\anthrac_yellowing_skin\IMG20250802104905.png,anthracnose,anthrac_yellowing_skin,IMG20250802104905.png,train
C:\Users\giant\Projects\pomelo-disease-classification\images\enhanced\melanose\melanose_small\IMG20250802104918.png,melanose,melanose_small,IMG20250802104918.png,val
C:\Users\giant\Projects\pomelo-disease-classification\images\enhanced\blackspot\blackspot_small\IMG20250802104926.png,blackspot,blackspot_small,IMG20250802104926.png,train
C:\Users\giant\Projects\pomelo-disease-classification\images\enhanced\mites\mites_scrapes\IMG20250802105332.png,mites,mites_scrapes,IMG20250802105332.png,train
C:\Users\giant\Projects\pomelo-disease-classification\images\enhanced\healthy\healthy_green\IMG20250802105351.png,healthy,healthy_green,IMG20250802105351.png,train
C:\Users\giant\Projects\pomelo-disease-classification\images\enhanced\blackspot\blackspot_small\IMG20250802105431.png,blackspot,blackspot_small,IMG20250802105431.png,train
C:\Users\giant\Projects\pomelo-disease-classification\images\enhanced\borer\borer_small_hole\IMG20250802105701.png,borer,borer_small_hole,IMG20250802105701.png,train
C:\Users\giant\Projects\pomelo-disease-classification\images\enhanced\borer\borer_multiple_holes\IMG20250802105706.png,borer,borer_multiple_holes,IMG20250802105706.png,train
C:\Users\giant\Projects\pomelo-disease-classification\images\enhanced\borer\borer_multiple_holes\IMG20250802105712.png,borer,borer_multiple_holes,IMG20250802105712.png,train
C:\Users\giant\Projects\pomelo-disease-classification\images\enhanced\borer\borer_multiple_holes\IMG20250802105732.png,borer,borer_multiple_holes,IMG20250802105732.png,train
C:\Users\giant\Projects\pomelo-disease-classification\images\enhanced\borer\borer_multiple_holes\IMG20250802105816.png,borer,borer_multiple_holes,IMG20250802105816.png,val
C:\Users\giant\Projects\pomelo-disease-classification\images\enhanced\borer\borer_large_hole\IMG20250802105823.png,borer,borer_large_hole,IMG20250802105823.png,train
C:\Users\giant\Projects\pomelo-disease-classification\images\enhanced\borer\borer_multiple_holes\IMG20250802105835.png,borer,borer_multiple_holes,IMG20250802105835.png,train
C:\Users\giant\Projects\pomelo-disease-classification\images\enhanced\borer\borer_large_hole\IMG20250802105845.png,borer,borer_large_hole,IMG20250802105845.png,test
C:\Users\giant\Projects\pomelo-disease-classification\images\enhanced\melanose\melanose_small\IMG20250802105906.png,melanose,melanose_small,IMG20250802105906.png,train
C:\Users\giant\Projects\pomelo-disease-classification\images\enhanced\melanose\melanose_small\IMG20250802105933.png,melanose,melanose_small,IMG20250802105933.png,train
C:\Users\giant\Projects\pomelo-disease-classification\images\enhanced\melanose\melanose_medium\IMG20250802105956.png,melanose,melanose_medium,IMG20250802105956.png,train
C:\Users\giant\Projects\pomelo-disease-classification\images\enhanced\healthy\healthy_yellowish\IMG20250802110026.png,healthy,healthy_yellowish,IMG20250802110026.png,train
C:\Users\giant\Projects\pomelo-disease-classification\images\enhanced\healthy\healthy_green\IMG20250802110038.png,healthy,healthy_green,IMG20250802110038.png,train
C:\Users\giant\Projects\pomelo-disease-classification\images\enhanced\healthy\healthy_green\IMG20250802110049.png,healthy,healthy_green,IMG20250802110049.png,train
C:\Users\giant\Projects\pomelo-disease-classification\images\enhanced\melanose\melanose_small\IMG20250802110117.png,melanose,melanose_small,IMG20250802110117.png,train
C:\Users\giant\Projects\pomelo-disease-classification\images\enhanced\melanose\melanose_small\IMG20250802110121.png,melanose,melanose_small,IMG20250802110121.png,train
C:\Users\giant\Projects\pomelo-disease-classification\images\enhanced\melanose\melanose_small\IMG20250802110138.png,melanose,melanose_small,IMG20250802110138.png,test
C:\Users\giant\Projects\pomelo-disease-classification\images\enhanced\melanose\melanose_medium\IMG20250802110155.png,melanose,melanose_medium,IMG20250802110155.png,val
C:\Users\giant\Projects\pomelo-disease-classification\images\enhanced\healthy\healthy_green\IMG20250802110211.png,healthy,healthy_green,IMG20250802110211.png,test
C:\Users\giant\Projects\pomelo-disease-classification\images\enhanced\melanose\melanose_small\IMG20250802110229.png,melanose,melanose_small,IMG20250802110229.png,test
C:\Users\giant\Projects\pomelo-disease-classification\images\enhanced\melanose\melanose_small\IMG20250802110242.png,melanose,melanose_small,IMG20250802110242.png,train
C:\Users\giant\Projects\pomelo-disease-classification\images\enhanced\melanose\melanose_medium\IMG20250802110249.png,melanose,melanose_medium,IMG20250802110249.png,train
C:\Users\giant\Projects\pomelo-disease-classification\images\enhanced\borer\borer_rotated_view\IMG20250802110345.png,borer,borer_rotated_view,IMG20250802110345.png,train
C:\Users\giant\Projects\pomelo-disease-classification\images\enhanced\borer\borer_rotated_view\IMG20250802110349.png,borer,borer_rotated_view,IMG20250802110349.png,train
C:\Users\giant\Projects\pomelo-disease-classification\images\enhanced\melanose\melanose_small\IMG20250802110426.png,melanose,melanose_small,IMG20250802110426.png,val
C:\Users\giant\Projects\pomelo-disease-classification\images\enhanced\anthracnose\anthrac_rusty_lesion\IMG20250802110536.png,anthracnose,anthrac_rusty_lesion,IMG20250802110536.png,train
C:\Users\giant\Projects\pomelo-disease-classification\images\enhanced\anthracnose\anthrac_black_lesion\IMG20250802110540.png,anthracnose,anthrac_black_lesion,IMG20250802110540.png,train
C:\Users\giant\Projects\pomelo-disease-classification\images\enhanced\anthracnose\anthrac_black_lesion\IMG20250802110544.png,anthracnose,anthrac_black_lesion,IMG20250802110544.png,train
C:\Users\giant\Projects\pomelo-disease-classification\images\enhanced\anthracnose\anthrac_rusty_lesion\IMG20250802110547.png,anthracnose,anthrac_rusty_lesion,IMG20250802110547.png,train
C:\Users\giant\Projects\pomelo-disease-classification\images\enhanced\anthracnose\anthrac_rusty_lesion\IMG20250802110651.png,anthracnose,anthrac_rusty_lesion,IMG20250802110651.png,train
C:\Users\giant\Projects\pomelo-disease-classification\images\enhanced\borer\borer_multiple_holes\IMG20250802110729.png,borer,borer_multiple_holes,IMG20250802110729.png,train
C:\Users\giant\Projects\pomelo-disease-classification\images\enhanced\mites\mites_browned_skin\IMG20250802110733.png,mites,mites_browned_skin,IMG20250802110733.png,train
C:\Users\giant\Projects\pomelo-disease-classification\images\enhanced\mites\mites_browned_skin\IMG20250802110736.png,mites,mites_browned_skin,IMG20250802110736.png,train
C:\Users\giant\Projects\pomelo-disease-classification\images\enhanced\borer\borer_multiple_holes\IMG20250802110816.png,borer,borer_multiple_holes,IMG20250802110816.png,train
C:\Users\giant\Projects\pomelo-disease-classification\images\enhanced\borer\borer_multiple_holes\IMG20250802110824.png,borer,borer_multiple_holes,IMG20250802110824.png,test
C:\Users\giant\Projects\pomelo-disease-classification\images\enhanced\mites\mites_browned_skin\IMG20250802110829.png,mites,mites_browned_skin,IMG20250802110829.png,val
C:\Users\giant\Projects\pomelo-disease-classification\images\enhanced\borer\borer_multiple_holes\IMG20250802110834.png,borer,borer_multiple_holes,IMG20250802110834.png,train
C:\Users\giant\Projects\pomelo-disease-classification\images\enhanced\borer\borer_multiple_holes\IMG20250802110840.png,borer,borer_multiple_holes,IMG20250802110840.png,train
C:\Users\giant\Projects\pomelo-disease-classification\images\enhanced\borer\borer_multiple_holes\IMG20250802110856.png,borer,borer_multiple_holes,IMG20250802110856.png,train
C:\Users\giant\Projects\pomelo-disease-classification\images\enhanced\mites\mites_browned_skin\IMG20250802110900.png,mites,mites_browned_skin,IMG20250802110900.png,train
C:\Users\giant\Projects\pomelo-disease-classification\images\enhanced\borer\borer_multiple_holes\IMG20250802110905.png,borer,borer_multiple_holes,IMG20250802110905.png,train
C:\Users\giant\Projects\pomelo-disease-classification\images\enhanced\healthy\healthy_yellowish\IMG20250802110938.png,healthy,healthy_yellowish,IMG20250802110938.png,train
C:\Users\giant\Projects\pomelo-disease-classification\images\enhanced\melanose\melanose_medium\IMG20250802110953.png,melanose,melanose_medium,IMG20250802110953.png,train
C:\Users\giant\Projects\pomelo-disease-classification\images\enhanced\melanose\melanose_medium\IMG20250802111001.png,melanose,melanose_medium,IMG20250802111001.png,train
C:\Users\giant\Projects\pomelo-disease-classification\images\enhanced\melanose\melanose_medium\IMG20250802111019.png,melanose,melanose_medium,IMG20250802111019.png,train
C:\Users\giant\Projects\pomelo-disease-classification\images\enhanced\melanose\melanose_small\IMG20250802111030.png,melanose,melanose_small,IMG20250802111030.png,train
C:\Users\giant\Projects\pomelo-disease-classification\images\enhanced\melanose\melanose_medium\IMG20250802111035.png,melanose,melanose_medium,IMG20250802111035.png,train
C:\Users\giant\Projects\pomelo-disease-classification\images\enhanced\melanose\melanose_small\IMG20250802111100.png,melanose,melanose_small,IMG20250802111100.png,train
C:\Users\giant\Projects\pomelo-disease-classification\images\enhanced\healthy\healthy_green\IMG20250802111139.png,healthy,healthy_green,IMG20250802111139.png,train
C:\Users\giant\Projects\pomelo-disease-classification\images\enhanced\healthy\healthy_green\IMG20250802111146.png,healthy,healthy_green,IMG20250802111146.png,test
C:\Users\giant\Projects\pomelo-disease-classification\images\enhanced\blackspot\blackspot_small\IMG20250802111202.png,blackspot,blackspot_small,IMG20250802111202.png,train
C:\Users\giant\Projects\pomelo-disease-classification\images\enhanced\borer\borer_rotated_view\IMG20250802111238.png,borer,borer_rotated_view,IMG20250802111238.png,test
C:\Users\giant\Projects\pomelo-disease-classification\images\enhanced\borer\borer_large_hole\IMG20250802111258.png,borer,borer_large_hole,IMG20250802111258.png,train
C:\Users\giant\Projects\pomelo-disease-classification\images\enhanced\borer\borer_rotated_view\IMG20250802111303.png,borer,borer_rotated_view,IMG20250802111303.png,train
C:\Users\giant\Projects\pomelo-disease-classification\images\enhanced\borer\borer_rotated_view\IMG20250802111330.png,borer,borer_rotated_view,IMG20250802111330.png,train
C:\Users\giant\Projects\pomelo-disease-classification\images\enhanced\borer\borer_rotated_view\IMG20250802111335.png,borer,borer_rotated_view,IMG20250802111335.png,train
C:\Users\giant\Projects\pomelo-disease-classification\images\enhanced\borer\borer_large_hole\IMG20250802111349.png,borer,borer_large_hole,IMG20250802111349.png,train
C:\Users\giant\Projects\pomelo-disease-classification\images\enhanced\borer\borer_multiple_holes\IMG20250802111718.png,borer,borer_multiple_holes,IMG20250802111718.png,train
C:\Users\giant\Projects\pomelo-disease-classification\images\enhanced\borer\borer_large_hole\IMG20250802111723.png,borer,borer_large_hole,IMG20250802111723.png,val
C:\Users\giant\Projects\pomelo-disease-classification\images\enhanced\borer\borer_rotated_view\IMG20250802111727.png,borer,borer_rotated_view,IMG20250802111727.png,train
C:\Users\giant\Projects\pomelo-disease-classification\images\enhanced\borer\borer_rotated_view\IMG20250802111751.png,borer,borer_rotated_view,IMG20250802111751.png,train
C:\Users\giant\Projects\pomelo-disease-classification\images\enhanced\borer\borer_rotated_view\IMG20250802111756.png,borer,borer_rotated_view,IMG20250802111756.png,train
C:\Users\giant\Projects\pomelo-disease-classification\images\enhanced\borer\borer_multiple_holes\IMG20250802111831.png,borer,borer_multiple_holes,IMG20250802111831.png,train
C:\Users\giant\Projects\pomelo-disease-classification\images\enhanced\borer\borer_rotated_view\IMG20250802111836.png,borer,borer_rotated_view,IMG20250802111836.png,train
C:\Users\giant\Projects\pomelo-disease-classification\images\enhanced\borer\borer_rotated_view\IMG20250802111842.png,borer,borer_rotated_view,IMG20250802111842.png,train
C:\Users\giant\Projects\pomelo-disease-classification\images\enhanced\borer\borer_multiple_holes\IMG20250802111846.png,borer,borer_multiple_holes,IMG20250802111846.png,train
C:\Users\giant\Projects\pomelo-disease-classification\images\enhanced\borer\borer_multiple_holes\IMG20250802111915.png,borer,borer_multiple_holes,IMG20250802111915.png,train
C:\Users\giant\Projects\pomelo-disease-classification\images\enhanced\mites\mites_side_patch\IMG20250802111924.png,mites,mites_side_patch,IMG20250802111924.png,train
C:\Users\giant\Projects\pomelo-disease-classification\images\enhanced\mites\mites_browned_skin\IMG20250802111929.png,mites,mites_browned_skin,IMG20250802111929.png,train
C:\Users\giant\Projects\pomelo-disease-classification\images\enhanced\borer\borer_multiple_holes\IMG20250802111934.png,borer,borer_multiple_holes,IMG20250802111934.png,train
C:\Users\giant\Projects\pomelo-disease-classification\images\enhanced\healthy\healthy_pale\IMG20250802112002.png,healthy,healthy_pale,IMG20250802112002.png,train
C:\Users\giant\Projects\pomelo-disease-classification\images\enhanced\melanose\melanose_small\IMG20250802112014.png,melanose,melanose_small,IMG20250802112014.png,train
C:\Users\giant\Projects\pomelo-disease-classification\images\enhanced\mites\mites_side_patch\IMG20250802112120.png,mites,mites_side_patch,IMG20250802112120.png,val
C:\Users\giant\Projects\pomelo-disease-classification\images\enhanced\mites\mites_side_patch\IMG20250802112157.png,mites,mites_side_patch,IMG20250802112157.png,train
C:\Users\giant\Projects\pomelo-disease-classification\images\enhanced\mites\mites_front_patch\IMG20250802112202.png,mites,mites_front_patch,IMG20250802112202.png,train
C:\Users\giant\Projects\pomelo-disease-classification\images\enhanced\mites\mites_side_patch\IMG20250802112206.png,mites,mites_side_patch,IMG20250802112206.png,train
C:\Users\giant\Projects\pomelo-disease-classification\images\enhanced\mites\mites_side_patch\IMG20250802112220.png,mites,mites_side_patch,IMG20250802112220.png,train
C:\Users\giant\Projects\pomelo-disease-classification\images\enhanced\mites\mites_front_patch\IMG20250802112224.png,mites,mites_front_patch,IMG20250802112224.png,val
C:\Users\giant\Projects\pomelo-disease-classification\images\enhanced\mites\mites_scrapes\IMG20250802112227.png,mites,mites_scrapes,IMG20250802112227.png,test
C:\Users\giant\Projects\pomelo-disease-classification\images\enhanced\mites\mites_side_patch\IMG20250802112234.png,mites,mites_side_patch,IMG20250802112234.png,test
C:\Users\giant\Projects\pomelo-disease-classification\images\enhanced\mites\mites_scrapes\IMG20250802112257.png,mites,mites_scrapes,IMG20250802112257.png,train
C:\Users\giant\Projects\pomelo-disease-classification\images\enhanced\mites\mites_scrapes\IMG20250802112410.png,mites,mites_scrapes,IMG20250802112410.png,val
C:\Users\giant\Projects\pomelo-disease-classification\images\enhanced\healthy\healthy_yellowish\IMG20250802112428.png,healthy,healthy_yellowish,IMG20250802112428.png,train
C:\Users\giant\Projects\pomelo-disease-classification\images\enhanced\melanose\melanose_small\IMG20250802112449.png,melanose,melanose_small,IMG20250802112449.png,train
C:\Users\giant\Projects\pomelo-disease-classification\images\enhanced\melanose\melanose_small\IMG20250802112455.png,melanose,melanose_small,IMG20250802112455.png,val
C:\Users\giant\Projects\pomelo-disease-classification\images\enhanced\blackspot\blackspot_small\IMG20250802112505.png,blackspot,blackspot_small,IMG20250802112505.png,train
C:\Users\giant\Projects\pomelo-disease-classification\images\enhanced\melanose\melanose_medium\IMG20250802112523.png,melanose,melanose_medium,IMG20250802112523.png,train
C:\Users\giant\Projects\pomelo-disease-classification\images\enhanced\melanose\melanose_small\IMG20250802112538.png,melanose,melanose_small,IMG20250802112538.png,train
C:\Users\giant\Projects\pomelo-disease-classification\images\enhanced\melanose\melanose_small\IMG20250802112553.png,melanose,melanose_small,IMG20250802112553.png,val
C:\Users\giant\Projects\pomelo-disease-classification\images\enhanced\melanose\melanose_small\IMG20250802112631.png,melanose,melanose_small,IMG20250802112631.png,train
C:\Users\giant\Projects\pomelo-disease-classification\images\enhanced\melanose\melanose_medium\IMG20250802112639.png,melanose,melanose_medium,IMG20250802112639.png,train
C:\Users\giant\Projects\pomelo-disease-classification\images\enhanced\melanose\melanose_small\IMG20250802112648.png,melanose,melanose_small,IMG20250802112648.png,test
C:\Users\giant\Projects\pomelo-disease-classification\images\enhanced\healthy\healthy_green\IMG20250802112710.png,healthy,healthy_green,IMG20250802112710.png,train
C:\Users\giant\Projects\pomelo-disease-classification\images\enhanced\blackspot\blackspot_small\IMG20250802112715.png,blackspot,blackspot_small,IMG20250802112715.png,train
C:\Users\giant\Projects\pomelo-disease-classification\images\enhanced\healthy\healthy_green\IMG20250802112731.png,healthy,healthy_green,IMG20250802112731.png,train
C:\Users\giant\Projects\pomelo-disease-classification\images\enhanced\healthy\healthy_green\IMG20250802112806.png,healthy,healthy_green,IMG20250802112806.png,train
C:\Users\giant\Projects\pomelo-disease-classification\images\enhanced\healthy\healthy_green\IMG20250802112811.png,healthy,healthy_green,IMG20250802112811.png,train
C:\Users\giant\Projects\pomelo-disease-classification\images\enhanced\melanose\melanose_small\IMG20250802112815.png,melanose,melanose_small,IMG20250802112815.png,val
C:\Users\giant\Projects\pomelo-disease-classification\images\enhanced\healthy\healthy_green\IMG20250802112821.png,healthy,healthy_green,IMG20250802112821.png,train
C:\Users\giant\Projects\pomelo-disease-classification\images\enhanced\healthy\healthy_green\IMG20250802112830.png,healthy,healthy_green,IMG20250802112830.png,train
C:\Users\giant\Projects\pomelo-disease-classification\images\enhanced\healthy\healthy_green\IMG20250802112841.png,healthy,healthy_green,IMG20250802112841.png,test
C:\Users\giant\Projects\pomelo-disease-classification\images\enhanced\melanose\melanose_small\IMG20250802112910.png,melanose,melanose_small,IMG20250802112910.png,val
C:\Users\giant\Projects\pomelo-disease-classification\images\enhanced\blackspot\blackspot_small\IMG20250802112920.png,blackspot,blackspot_small,IMG20250802112920.png,train
