{
  "anthracnose": {
    "precision": 0.4375,
    "recall": 0.3684210526315789,
    "f1-score": 0.4,
    "support": 19.0
  },
  "borer": {
    "precision": 0.8,
    "recall": 0.75,
    "f1-score": 0.7741935483870968,
    "support": 16.0
  },
  "canker": {
    "precision": 0.2857142857142857,
    "recall": 0.1111111111111111,
    "f1-score": 0.16,
    "support": 18.0
  },
  "healthy": {
    "precision": 0.788235294117647,
    "recall": 0.9852941176470589,
    "f1-score": 0.8758169934640523,
    "support": 68.0
  },
  "mites": {
    "precision": 0.75,
    "recall": 0.6428571428571429,
    "f1-score": 0.6923076923076923,
    "support": 14.0
  },
  "accuracy": 0.7185185185185186,
  "macro avg": {
    "precision": 0.6122899159663866,
    "recall": 0.5715366848493784,
    "f1-score": 0.5804636468317683,
    "support": 135.0
  },
  "weighted avg": {
    "precision": 0.6692989417989418,
    "recall": 0.7185185185185186,
    "f1-score": 0.6823330372004207,
    "support": 135.0
  }
}