accuracy,precision,recall,f1
0.7185185185185186,0.6692989417989418,0.7185185185185186,0.6823330372004207
