{
  "accuracy": 0.7185185185185186,
  "precision": 0.6692989417989418,
  "recall": 0.7185185185185186,
  "f1": 0.6823330372004207
}