{
  "accuracy": 0.7279411764705882,
  "precision": 0.7106588820267062,
  "recall": 0.7279411764705882,
  "f1": 0.7077772427715688
}