{
  "Anthracnose": {
    "precision": 0.7,
    "recall": 0.5833333333333334,
    "f1-score": 0.6363636363636364,
    "support": 12.0
  },
  "Borer": {
    "precision": 1.0,
    "recall": 0.8571428571428571,
    "f1-score": 0.9230769230769231,
    "support": 7.0
  },
  "Canker": {
    "precision": 0.5,
    "recall": 0.2727272727272727,
    "f1-score": 0.35294117647058826,
    "support": 11.0
  },
  "Healthy": {
    "precision": 0.7692307692307693,
    "recall": 0.9090909090909091,
    "f1-score": 0.8333333333333334,
    "support": 33.0
  },
  "Mite": {
    "precision": 0.6666666666666666,
    "recall": 0.8,
    "f1-score": 0.7272727272727273,
    "support": 10.0
  },
  "accuracy": 0.7397260273972602,
  "macro avg": {
    "precision": 0.7271794871794872,
    "recall": 0.6844588744588744,
    "f1-score": 0.6945975593034417,
    "support": 73.0
  },
  "weighted avg": {
    "precision": 0.7253600280997541,
    "recall": 0.7397260273972602,
    "f1-score": 0.7226435933124088,
    "support": 73.0
  }
}