accuracy,precision,recall,f1
0.7397260273972602,0.7253600280997541,0.7397260273972602,0.7226435933124088
