{
  "accuracy": 0.7397260273972602,
  "precision": 0.7253600280997541,
  "recall": 0.7397260273972602,
  "f1": 0.7226435933124088
}