accuracy,precision,recall,f1
0.7555555555555555,0.728702552385001,0.7555555555555555,0.7324830846838016
