accuracy,precision,recall,f1
0.7279411764705882,0.7106588820267062,0.7279411764705882,0.7077772427715688
