{
  "model_architecture": "EfficientNet-B0 + SVM",
  "test_accuracy": 0.6575342465753424,
  "fine_tuning_used": false,
  "classes": [
    "Anthracnose",
    "Borer",
    "Canker",
    "Mite",
    "Healthy"
  ],
  "image_size": [
    224,
    224
  ],
  "saved_models": {
    "svm_model": "./models/svm_model.pkl",
    "features": "./models/features_*.npy"
  },
  "evaluation_metrics": {
    "macro_avg": {
      "precision": 0.6190476190476192,
      "recall": 0.6161904761904762,
      "f1_score": 0.6069255189255189
    },
    "weighted_avg": {
      "precision": 0.6823874755381604,
      "recall": 0.6575342465753424,
      "f1_score": 0.6616809674343922
    }
  },
  "class_Anthracnose": {
    "precision": 0.5,
    "recall": 0.3333333333333333,
    "f1_score": 0.4
  },
  "class_Borer": {
    "precision": 0.8333333333333334,
    "recall": 0.7142857142857143,
    "f1_score": 0.7692307692307693
  },
  "class_Canker": {
    "precision": 0.42857142857142855,
    "recall": 0.5454545454545454,
    "f1_score": 0.48
  },
  "class_Mite": {
    "precision": 0.8666666666666667,
    "recall": 0.7878787878787878,
    "f1_score": 0.8253968253968254
  },
  "class_Healthy": {
    "precision": 0.4666666666666667,
    "recall": 0.7,
    "f1_score": 0.56
  }
}