{
  "model_architecture": "EfficientNet-B0 + SVM",
  "test_accuracy": 0.6027397260273972,
  "fine_tuning_used": false,
  "classes": [
    "Anthracnose",
    "Borer",
    "Canker",
    "Mite",
    "Healthy"
  ],
  "image_size": [
    224,
    224
  ],
  "saved_models": {
    "efficientnet_weights": "./models/efficientnetb0_weights.h5",
    "svm_model": "./models/svm_model.pkl",
    "features": "./models/features_*.npy"
  },
  "evaluation_metrics": {
    "macro_avg": {
      "precision": 0.562310606060606,
      "recall": 0.5451948051948052,
      "f1_score": 0.5449351807612677
    },
    "weighted_avg": {
      "precision": 0.6138568908260689,
      "recall": 0.6027397260273972,
      "f1_score": 0.6029544011676233
    }
  },
  "class_Anthracnose": {
    "precision": 0.36363636363636365,
    "recall": 0.3333333333333333,
    "f1_score": 0.34782608695652173
  },
  "class_Borer": {
    "precision": 0.8,
    "recall": 0.5714285714285714,
    "f1_score": 0.6666666666666666
  },
  "class_Canker": {
    "precision": 0.4,
    "recall": 0.36363636363636365,
    "f1_score": 0.38095238095238093
  },
  "class_Mite": {
    "precision": 0.78125,
    "recall": 0.7575757575757576,
    "f1_score": 0.7692307692307693
  },
  "class_Healthy": {
    "precision": 0.4666666666666667,
    "recall": 0.7,
    "f1_score": 0.56
  }
}