{
  "anthracnose": {
    "precision": 0.5882352941176471,
    "recall": 0.5263157894736842,
    "f1-score": 0.5555555555555556,
    "support": 19.0
  },
  "borer": {
    "precision": 0.8,
    "recall": 0.75,
    "f1-score": 0.7741935483870968,
    "support": 16.0
  },
  "canker": {
    "precision": 0.4444444444444444,
    "recall": 0.2222222222222222,
    "f1-score": 0.2962962962962963,
    "support": 18.0
  },
  "healthy": {
    "precision": 0.8048780487804879,
    "recall": 0.9705882352941176,
    "f1-score": 0.88,
    "support": 68.0
  },
  "mites": {
    "precision": 0.8333333333333334,
    "recall": 0.7142857142857143,
    "f1-score": 0.7692307692307693,
    "support": 14.0
  },
  "accuracy": 0.7555555555555555,
  "macro avg": {
    "precision": 0.6941782241351826,
    "recall": 0.6366823922551477,
    "f1-score": 0.6550552338939435,
    "support": 135.0
  },
  "weighted avg": {
    "precision": 0.728702552385001,
    "recall": 0.7555555555555555,
    "f1-score": 0.7324830846838016,
    "support": 135.0
  }
}